Name,Price,Specs
HP MSO 2024 Intel Core i3 13th Gen 1315U - (16 GB/512 GB SSD/Windows 11 Home) 15-fd0574TU / 15 - fd066...,"₹40,990","Intel Core i3 Processor (13th Gen), 16 GB DDR4 RAM, Windows 11 Home Operating System, 512 GB SSD, 39.62 cm (15.6 Inch) Display, MS Office Home 2024 + MISC PC Game Pass DA 3M, 1 Year Onsite Warranty"
HP Intel Core i7 13th Gen 13620H - (16 GB/512 GB SSD/Windows 11 Home) 15-fr0046TU Thin and Light Lapto...,"₹66,990","Intel Core i7 Processor (13th Gen), 16 GB DDR4 RAM, Windows 11 Home Operating System, 512 GB SSD, 39.62 cm (15.6 Inch) Display, 1 Year Onsite Warranty"
ASUS Vivobook Go 15 (2025) with Office 2024 + M365 Basic* Intel Core i3 N305 - (8 GB/512 GB SSD/Window...,"₹39,990","Intel Core i3 Processor, 8 GB DDR4 RAM, Windows 11 Home Operating System, 512 GB SSD, 39.62 cm (15.6 inch) Display, Microsoft Office Home 2024 (Lifetime Validity ) + Microsoft 365 Basic*(1-Year Validity), McAfee 1 year, 1 Year Onsite Warranty"
DELL 15 AMD Ryzen 5 Hexa Core 7530U - (16 GB/512 GB SSD/Windows 11 Home) 3535 Thin and Light Laptop,"₹40,990","AMD Ryzen 5 Hexa Core Processor, 16 GB DDR4 RAM, Windows 11 Operating System, 512 GB SSD, 39.62 cm (15.6 Inch) Display, My Dell (Dell Power Manager,Dell Support Assist), 1 Year Onsite Warranty"
Acer Aspire 3 Intel Celeron Dual Core - (8 GB/512 GB SSD/Windows 11 Home) A311-45 Thin and Light Lapto...,"₹23,590","Intel Celeron Dual Core Processor, 8 GB DDR4 RAM, 64 bit Windows 11 Home Operating System, 512 GB SSD, 29.46 cm (11.6 inch) Display, 1 Year Warranty"
MOTOROLA Motobook 60 Full Metal OLED (i5 14th Gen) Intel Core 5 (Series 2) 210H - (16 GB/512 GB SSD/Wi...,"₹49,990","Intel Core 5 (Series 2) Processor, 16 GB DDR5 RAM, 64 bit Windows 11 Operating System, 512 GB SSD, 35.56 cm (14 Inch) Display, Office Home 2024, 1 Year Onsite Warranty"
Acer NITRO LITE 16 Intel Core i5 13th Gen 13420H - (16 GB/512 GB SSD/Windows 11 Home/6 GB Graphics/NVI...,"₹57,990","Intel Core i5 Processor (13th Gen), 16 GB DDR5 RAM, 64 bit Windows 11 Home Operating System, 512 GB SSD, 40.64 cm (16 Inch) Display, 1 Year Warranty"
ASUS Vivobook Go 15 AMD Ryzen 3 Quad Core 7320U - (8 GB/512 GB SSD/Windows 11 Home) E1504FA-NJ130WS | ...,"₹32,630","AMD Ryzen 3 Quad Core Processor, 8 GB LPDDR5 RAM, Windows 11 Home Operating System, 512 GB SSD, 39.62 cm (15.6 Inch) Display, Microsoft Office Home 2024 + Microsoft 365 Basic, 1 Year Onsite Warranty"
Lenovo 100e Chromebook Gen 4 MediaTek Kompanio 520 - (4 GB/32 GB EMMC Storage/Chrome OS) 82W00004HA Ch...,"₹11,990","MediaTek Kompanio 520 Processor, 4 GB LPDDR4X RAM, Chrome Operating System, 29.46 cm (11.6 Inch) Display, 1 Year Carry-in Warranty"
Acer Aspire 3 Intel Celeron Dual Core - (8 GB/256 GB SSD/Windows 11 Home) A311-45 Thin and Light Lapto...,"₹21,110","Intel Celeron Dual Core Processor, 8 GB DDR4 RAM, 64 bit Windows 11 Home Operating System, 256 GB SSD, 29.46 cm (11.6 inch) Display, 1 Year Warranty"
HP Victus Intel Core i5 14th Gen 14450HX - (24 GB/512 GB SSD/Windows 11 Home/6 GB Graphics/NVIDIA GeFo...,"₹85,990","Intel Core i5 Processor (14th Gen), 24 GB DDR5 RAM, Windows 11 Home Operating System, 512 GB SSD, 39.62 cm (15.6 inch) Display, MSO Home 2024 + 1yr M365 Basic & MISC PC Game Pass DA 3M, 1 Year Onsite Warranty"
HP 15s Metal Intel Core i3 13th Gen 1315U - (8 GB/512 GB SSD/Windows 11 Home) 15-hr0005TU Thin and Lig...,"₹37,990","Intel Core i3 Processor (13th Gen), 8 GB DDR4 RAM, Windows 11 Home Operating System, 512 GB SSD, 39.62 cm (15.6 Inch) Display, MS Office Home 2024 + MISC PC Game Pass DA 3M, 1 Year Onsite Warranty"
Samsung Galaxy Book4 Metal Intel Core i7 13th Gen 1355U - (16 GB/512 GB SSD/Windows 11 Home) NP750XGJ-...,"₹58,990","Intel Core i7 Processor (13th Gen), 16 GB LPDDR4X RAM, Windows 11 Operating System, 512 GB SSD, 39.62 cm (15.6 Inch) Display, 1 Year Manufacturer Warranty for Laptop and 6 Months for In-Box Accessories"
Acer Aspire 15 AMD Ryzen 5 Hexa Core 7430U - (16 GB/512 GB SSD/Windows 11 Home) Aspire AS15-42 Thin an...,"₹34,490","AMD Ryzen 5 Hexa Core Processor, 16 GB DDR4 RAM, Windows 11 Operating System, 512 GB SSD, 39.62 cm (15.6 Inch) Display, 1 Year Carry-in Warranty"
Samsung Galaxy Book4 Metal Intel Core i5 13th Gen 1335U - (16 GB/512 GB SSD/Windows 11 Home) NP750XGJ ...,"₹49,990","Intel Core i5 Processor (13th Gen), 16 GB LPDDR4X RAM, Windows 11 Operating System, 512 GB SSD, 39.62 cm (15.6 Inch) Display, 1 Year Manufacturer Warranty for Laptop and 6 Months for In-Box Accessories"
Acer Aspire 3 Backlit AMD Ryzen 7 Octa Core 7730U - (16 GB/512 GB SSD/Windows 11 Home) Aspire AS15 - 4...,"₹40,990","AMD Ryzen 7 Octa Core Processor, 16 GB DDR4 RAM, Windows 11 Operating System, 512 GB SSD, 39.62 cm (15.6 Inch) Display, 1 Year Carry-in Warranty"
Lenovo IdeaPad Slim 3 Next Gen AI PC WUXGA IPS Copilot + PC Qualcomm Snapdragon X - (16 GB/512 GB SSD/...,"₹50,990","Qualcomm Snapdragon X Processor, 16 GB LPDDR5X RAM, Windows 11 Home Operating System, 512 GB SSD, 38.86 cm (15.3 inch) Display, Office Home 2024, 1 Year Onsite Warranty"
MOTOROLA Motobook 60 Full Metal OLED (i5 14th Gen) Intel Core 5 (Series 2) 210H - (16 GB/512 GB SSD/Wi...,"₹49,990","Intel Core 5 (Series 2) Processor, 16 GB DDR5 RAM, 64 bit Windows 11 Operating System, 512 GB SSD, 35.56 cm (14 Inch) Display, Office Home 2024, 1 Year Onsite Warranty"
Acer Aspire 3 Intel Core i3 13th Gen 1305U - (16 GB/512 GB SSD/Windows 11 Home) A324-53 Thin and Light...,"₹34,990","Intel Core i3 Processor (13th Gen), 16 GB DDR4 RAM, Windows 11 Operating System, 512 GB SSD, 35.56 cm (14 Inch) Display, 1 Year Carry-in Warranty"
Acer Aspire 3 Intel Core i5 13th Gen 1334U - (16 GB/512 GB SSD/Windows 11 Home) A324-53 Thin and Light...,"₹40,990","Intel Core i5 Processor (13th Gen), 16 GB DDR4 RAM, Windows 11 Operating System, 512 GB SSD, 35.56 cm (14 Inch) Display, 1 Year Carry-in Warranty"
"ASUS Vivobook S14 (2025) with Office 2024 + M365 Basic*, AI PC, Backlit Keyboard, Qualcomm Snapdragon ...","₹54,990","Qualcomm Snapdragon X Processor, 16 GB LPDDR5X RAM, Windows 11 Home Operating System, 512 GB SSD, 35.56 cm (14 inch) Display, Microsoft Office Home 2024 (Lifetime Validity ) + Microsoft 365 Basic*(1-Year Validity), One-Month Membership of Adobe Creative Cloud All Apps, 1 Year Onsite Warranty"
ASUS Vivobook S14 (2025)(i5 14th Gen) with Office 2024 + M365 Basic* Backlit Keyboard Intel Core 5 210...,"₹63,990","Intel Core 5 Processor, 16 GB DDR5 RAM, Windows 11 Home Operating System, 512 GB SSD, 35.56 cm (14 inch) Display, Microsoft Office Home 2024 (Lifetime Validity ) + Microsoft 365 Basic*(1-Year Validity), One-Month Membership of Adobe Creative Cloud All Apps, McAfee 1 year, 1 Year Onsite Warranty"
Acer NITRO LITE 16 Intel Core i7 13th Gen 13620H - (16 GB/512 GB SSD/Windows 11 Home/6 GB Graphics/NVI...,"₹69,990","Intel Core i7 Processor (13th Gen), 16 GB DDR5 RAM, 64 bit Windows 11 Home Operating System, 512 GB SSD, 40.64 cm (16 Inch) Display, 1 Year Warranty"
ASUS Expertbook P1 High-performance processor Intel Core i7 13th Gen 13620H - (32 GB/512 GB SSD/Window...,"₹63,990","Intel Core i7 Processor (13th Gen), 32 GB DDR5 RAM, Windows 11 Home Operating System, 512 GB SSD, 35.56 cm (14 inch) Display, Included Software- Microsoft Office Home 2024(includes Word, Excel, PowerPoint, and OneNote) (Lifetime Validity ) + Microsoft 365 Basic*(1-Year Validity), McAfee+TM Premium (1 year Validity), 1 Year Onsite Warranty"
Lenovo 100e Chromebook Gen 4 MediaTek MediaTek Kompanio 528 - (4 GB/64 GB EMMC Storage/Chrome OS) 82W0...,"₹11,999","MediaTek MediaTek Kompanio 528 Processor, 4 GB LPDDR4X RAM, Chrome Operating System, 29.46 cm (11.6 Inch) Display, 1 Year Carry-in Warranty"
Acer Aspire 3 Intel Celeron Dual Core - (8 GB/128 GB SSD/Windows 11 Home) A311-45 Thin and Light Lapto...,"₹17,990","Intel Celeron Dual Core Processor, 8 GB DDR4 RAM, 64 bit Windows 11 Home Operating System, 128 GB SSD, 29.46 cm (11.6 inch) Display, 1 Year Warranty"
HP MSO 2024 Intel Core i3 13th Gen 1315U - (16 GB/512 GB SSD/Windows 11 Home) 15-fd0574TU / 15 - fd066...,"₹40,990","Intel Core i3 Processor (13th Gen), 16 GB DDR4 RAM, Windows 11 Home Operating System, 512 GB SSD, 39.62 cm (15.6 Inch) Display, MS Office Home 2024 + MISC PC Game Pass DA 3M, 1 Year Onsite Warranty"
HP Intel Core i7 13th Gen 13620H - (16 GB/512 GB SSD/Windows 11 Home) 15-fr0046TU Thin and Light Lapto...,"₹66,990","Intel Core i7 Processor (13th Gen), 16 GB DDR4 RAM, Windows 11 Home Operating System, 512 GB SSD, 39.62 cm (15.6 Inch) Display, 1 Year Onsite Warranty"
Lenovo IdeaPad Slim 3 Intel Core i5 12th Gen 12450H - (16 GB/512 GB SSD/Windows 11 Home) 83ER00KSIN Th...,"₹45,990","Intel Core i5 Processor (12th Gen), 16 GB DDR4 RAM, Windows 11 Home Operating System, 512 GB SSD, 39.62 cm (15.6 inch) Display, 1 Year Warranty"
Lenovo IdeaPad Slim 5 Co-Pilot Next Gen AI PC Full Metal Snapdragon X Plus - (16 GB/1 TB SSD/Windows 1...,"₹66,990","Snapdragon X Plus Processor, 16 GB LPDDR5X RAM, Windows 11 Operating System, 1 TB SSD, 35.56 cm (14 Inch) Display, 1 Year Carry-in Warranty"
MOTOROLA Motobook 60 Full Metal OLED (i5 14th Gen) Intel Core 5 (Series 2) 210H - (16 GB/512 GB SSD/Wi...,"₹49,990","Intel Core 5 (Series 2) Processor, 16 GB DDR5 RAM, 64 bit Windows 11 Operating System, 512 GB SSD, 35.56 cm (14 Inch) Display, Office Home 2024, 1 Year Onsite Warranty"
HP Victus Intel Core i5 14th Gen 14450HX - (24 GB/512 GB SSD/Windows 11 Home/6 GB Graphics/NVIDIA GeFo...,"₹85,990","Intel Core i5 Processor (14th Gen), 24 GB DDR5 RAM, Windows 11 Home Operating System, 512 GB SSD, 39.62 cm (15.6 inch) Display, MSO Home 2024 + 1yr M365 Basic & MISC PC Game Pass DA 3M, 1 Year Onsite Warranty"
ASUS Expertbook P1 High-performance processor Intel Core i5 13th Gen 13420H - (16 GB/512 GB SSD/Window...,"₹49,990","Intel Core i5 Processor (13th Gen), 16 GB DDR5 RAM, Windows 11 Home Operating System, 512 GB SSD, 39.62 cm (15.6 inch) Display, Included Software- Microsoft Office Home 2024(includes Word, Excel, PowerPoint, and OneNote) (Lifetime Validity ) + Microsoft 365 Basic*(1-Year Validity), McAfee+TM Premium (1 year Validity), 1 Year Onsite Warranty"
"ASUS Vivobook 15 (2025) with Office 2024 + M365 Basic*, Backlit Keyboard, Intel Core i3 13th Gen 1315U...","₹41,990","Intel Core i3 Processor (13th Gen), 16 GB DDR5 RAM, Windows 11 Home Operating System, 512 GB SSD, 39.62 cm (15.6 inch) Display, Microsoft Office Home 2024 (Lifetime Validity ) + Microsoft 365 Basic*(1-Year Validity), One-Month Membership of Adobe Creative Cloud All Apps, McAfee 1 year, 1 Year Onsite Warranty"
ASUS Expertbook P1 High-performance processor Intel Core i5 13th Gen 13420H - (32 GB/512 GB SSD/Window...,"₹53,990","Intel Core i5 Processor (13th Gen), 32 GB DDR5 RAM, Windows 11 Home Operating System, 512 GB SSD, 35.56 cm (14 inch) Display, Included Software- Microsoft Office Home 2024(includes Word, Excel, PowerPoint, and OneNote) (Lifetime Validity ) + Microsoft 365 Basic*(1-Year Validity), McAfee+TM Premium (1 year Validity), 1 Year Onsite Warranty"
"ASUS Vivobook 15, with Backlit Keyboard, Intel Core i3 13th Gen 1315U - (8 GB/512 GB SSD/Windows 11 Ho...","₹36,990","Intel Core i3 Processor (13th Gen), 8 GB DDR4 RAM, Windows 11 Operating System, 512 GB SSD, 39.62 cm (15.6 Inch) Display, 1 Year Onsite warranty"
HP 15s Metal Intel Core i3 13th Gen 1315U - (8 GB/512 GB SSD/Windows 11 Home) 15-hr0005TU Thin and Lig...,"₹37,990","Intel Core i3 Processor (13th Gen), 8 GB DDR4 RAM, Windows 11 Home Operating System, 512 GB SSD, 39.62 cm (15.6 Inch) Display, MS Office Home 2024 + MISC PC Game Pass DA 3M, 1 Year Onsite Warranty"
ASUS Vivobook Go 15 AMD Ryzen 3 Quad Core 7320U - (8 GB/512 GB SSD/Windows 11 Home) E1504FA-NJ130WS | ...,"₹30,990","AMD Ryzen 3 Quad Core Processor, 8 GB LPDDR5 RAM, Windows 11 Home Operating System, 512 GB SSD, 39.62 cm (15.6 Inch) Display, Microsoft Office Home 2024 + Microsoft 365 Basic, 1 Year Onsite Warranty"
ASUS Expertbook P3 Metal High-performance processor Intel Core i7 13th Gen 13620H - (32 GB/1 TB SSD/Wi...,"₹69,990","Intel Core i7 Processor (13th Gen), 32 GB DDR5 RAM, Windows 11 Home Operating System, 1 TB SSD, 35.56 cm (14 Inch) Display, Included Software- Microsoft Office Home 2024(includes Word, Excel, PowerPoint, and OneNote) (Lifetime Validity ) + Microsoft 365 Basic*(1-Year Validity), McAfee+TM Premium (1 year Validity), 1 Year Onsite Warranty"
Lenovo Yoga 6 AMD Ryzen 7 Octa Core 7730U - (16 GB/1 TB SSD/Windows 11 Home) 13ABR8 2 in 1 Laptop,"₹59,990","AMD Ryzen 7 Octa Core Processor, 16 GB LPDDR4X RAM, Windows 11 Operating System, 1 TB SSD, 33.78 cm (13.3 inch) Touchscreen Display, 1Yr Warranty + 1 Yr Premium Care and 1 Yr Accidental Damage Protection"
Lenovo IdeaPad Slim 3 Next Gen AI PC WUXGA IPS Copilot + PC Qualcomm Snapdragon X - (16 GB/512 GB SSD/...,"₹50,990","Qualcomm Snapdragon X Processor, 16 GB LPDDR5X RAM, Windows 11 Home Operating System, 512 GB SSD, 38.86 cm (15.3 inch) Display, Office Home 2024, 1 Year Onsite Warranty"
MOTOROLA Motobook 60 Full Metal OLED (i5 14th Gen) Intel Core 5 (Series 2) 210H - (16 GB/512 GB SSD/Wi...,"₹49,990","Intel Core 5 (Series 2) Processor, 16 GB DDR5 RAM, 64 bit Windows 11 Operating System, 512 GB SSD, 35.56 cm (14 Inch) Display, Office Home 2024, 1 Year Onsite Warranty"
ASUS Vivobook Go 14 (2025) with Office 2024 + M365 Basic* AMD Ryzen 3 Quad Core 7320U - (8 GB/512 GB S...,"₹32,190","AMD Ryzen 3 Quad Core Processor, 8 GB LPDDR5 RAM, Windows 11 Home Operating System, 512 GB SSD, 35.56 cm (14 inch) Display, Microsoft Office Home 2024 (Lifetime Validity ) + Microsoft 365 Basic*(1-Year Validity), McAfee 1 year, 1 Year Onsite Warranty"
ASUS Expertbook P1 Intel Core i3 13th Gen 1315U - (8 GB/512 GB SSD/Windows 11 Home) P1503CVA-S70501WS ...,"₹36,990","Intel Core i3 Processor (13th Gen), 8 GB DDR5 RAM, Windows 11 Home Operating System, 512 GB SSD, 39.62 cm (15.6 inch) Display, Included Software- Microsoft Office Home 2024(includes Word, Excel, PowerPoint, and OneNote) (Lifetime Validity ) + Microsoft 365 Basic*(1-Year Validity), McAfee+TM Premium (1 year Validity), 1 Year Onsite Warranty"
"HP 15 Laptop with Backlit Keyboard & MSO'2024, AMD Ryzen 7 Octa Core 7730U - (16 GB/512 GB SSD/Windows...","₹52,990","AMD Ryzen 7 Octa Core Processor, 16 GB DDR4 RAM, Windows 11 Home Operating System, 512 GB SSD, 39.62 cm (15.6 Inch) Display, MS Office Home 2024 + 1 year M365 Basic, 1 Year Onsite Warranty"
"DELL 14 Plus Next Gen AI PC Backlit Keyboard, Fingerprint reader Intel Core Ultra 5 226V - (16 GB/512 ...","₹70,990","Intel Core Ultra 5 Processor, 16 GB LPDDR5X RAM, Windows 11 Home Operating System, 512 GB SSD, 35.56 cm (14 inch) Display, 1 Year Onsite Hardware Service"
"ASUS Vivobook S14 (2025) with Office 2024 + M365 Basic*, AI PC, Backlit Keyboard, Qualcomm Snapdragon ...","₹54,990","Qualcomm Snapdragon X Processor, 16 GB LPDDR5X RAM, Windows 11 Home Operating System, 512 GB SSD, 35.56 cm (14 inch) Display, Microsoft Office Home 2024 (Lifetime Validity ) + Microsoft 365 Basic*(1-Year Validity), One-Month Membership of Adobe Creative Cloud All Apps, 1 Year Onsite Warranty"
ASUS Vivobook S14 (2025)(i5 14th Gen) with Office 2024 + M365 Basic* Backlit Keyboard Intel Core 5 210...,"₹63,990","Intel Core 5 Processor, 16 GB DDR5 RAM, Windows 11 Home Operating System, 512 GB SSD, 35.56 cm (14 inch) Display, Microsoft Office Home 2024 (Lifetime Validity ) + Microsoft 365 Basic*(1-Year Validity), One-Month Membership of Adobe Creative Cloud All Apps, McAfee 1 year, 1 Year Onsite Warranty"
Acer Aspire Lite Intel Core i3 12th Gen 1215U - (8 GB/512 GB SSD/Windows 11 Home) AL15-52 Thin and Lig...,"₹32,990","Intel Core i3 Processor (12th Gen), 8 GB DDR4 RAM, 64 bit Windows 11 Home Operating System, 512 GB SSD, 39.62 cm (15.6 inch) Display, 1 year"
Lenovo LOQ Essential Intel Core i7 12650HX - (16 GB/512 GB SSD/Windows 11 Home/6 GB Graphics/NVIDIA Ge...,"₹79,990","Intel Core i7 Processor, 16 GB DDR5 RAM, Windows 11 Home Operating System, 512 GB SSD, 39.62 cm (15.6 inch) Display, 1 Year Carry-in Warranty"
HP MSO 2024 Intel Core i3 13th Gen 1315U - (16 GB/512 GB SSD/Windows 11 Home) 15-fd0574TU / 15 - fd066...,"₹40,990","Intel Core i3 Processor (13th Gen), 16 GB DDR4 RAM, Windows 11 Home Operating System, 512 GB SSD, 39.62 cm (15.6 Inch) Display, MS Office Home 2024 + MISC PC Game Pass DA 3M, 1 Year Onsite Warranty"
HP Intel Core i7 13th Gen 13620H - (16 GB/512 GB SSD/Windows 11 Home) 15-fr0046TU Thin and Light Lapto...,"₹66,990","Intel Core i7 Processor (13th Gen), 16 GB DDR4 RAM, Windows 11 Home Operating System, 512 GB SSD, 39.62 cm (15.6 Inch) Display, 1 Year Onsite Warranty"
ASUS Chromebook CX15 Intel Celeron Dual Core N4500 - (4 GB/64 GB EMMC Storage/Chrome OS) CX1505CKA-S70...,"₹15,990","Intel Celeron Dual Core Processor, 4 GB LPDDR4X RAM, Chrome Operating System, 39.62 cm (15.6 Inch) Display, 1 Year Onsite Warranty"
Lenovo Chromebook Intel Pentium Quad Core N100 - (4 GB/128 GB EMMC Storage/Chrome OS) 14IAN8 Chromeboo...,"₹15,990","Intel Pentium Quad Core Processor, 4 GB LPDDR5 RAM, Chrome Operating System, 35.56 cm (14 Inch) Display, 1 Year Carry-in Warranty"
"ASUS Vivobook S14 (2025) with Office 2024 + M365 Basic*, Backlit Keyboard, Intel Core i7 13th Gen 1362...","₹66,990","Intel Core i7 Processor (13th Gen), 16 GB DDR5 RAM, Windows 11 Home Operating System, 512 GB SSD, 35.56 cm (14 inch) Display, Microsoft Office Home 2024 (Lifetime Validity ) + Microsoft 365 Basic*(1-Year Validity), One-Month Membership of Adobe Creative Cloud All Apps, McAfee 1 year, 1 Year Onsite Warranty"
Acer Aspire 3 Intel Celeron Dual Core N4500 - (8 GB/512 GB SSD/Windows 11 Home) A325-45 Thin and Light...,"₹27,986","Intel Celeron Dual Core Processor, 8 GB LPDDR4X RAM, Windows 11 Home Operating System, 512 GB SSD, 39.62 cm (15.6 inch) Display, 1 Year International Travelers Warranty (ITW)"
MOTOROLA Motobook 60 Full Metal OLED (i5 14th Gen) Intel Core 5 (Series 2) 210H - (16 GB/512 GB SSD/Wi...,"₹49,990","Intel Core 5 (Series 2) Processor, 16 GB DDR5 RAM, 64 bit Windows 11 Operating System, 512 GB SSD, 35.56 cm (14 Inch) Display, Office Home 2024, 1 Year Onsite Warranty"
HP Victus Intel Core i5 14th Gen 14450HX - (24 GB/512 GB SSD/Windows 11 Home/6 GB Graphics/NVIDIA GeFo...,"₹85,990","Intel Core i5 Processor (14th Gen), 24 GB DDR5 RAM, Windows 11 Home Operating System, 512 GB SSD, 39.62 cm (15.6 inch) Display, MSO Home 2024 + 1yr M365 Basic & MISC PC Game Pass DA 3M, 1 Year Onsite Warranty"
"ASUS Vivobook 14 (2025) with Office 2024 + M365 Basic*, AI PC, Backlit Keyboard, Intel Core Ultra 5 22...","₹65,990","Intel Core Ultra 5 Processor, 16 GB DDR5 RAM, Windows 11 Home Operating System, 512 GB SSD, 35.56 cm (14 Inch) Display, Microsoft Office Home 2024 (Lifetime Validity ) + Microsoft 365 Basic*(1-Year Validity), 
McAfee? 1 year, One-Month Membership of Adobe Creative Cloud All Apps, 1 Year Onsite warranty"
DELL 15 Intel Core i5 13th Gen - (16 GB/512 GB SSD/Windows 11 Home) Vostro 3530 RPL Laptop,"₹50,990","Intel Core i5 Processor (13th Gen), 16 GB DDR4 RAM, Windows 11 Operating System, 512 GB SSD, 39.62 cm (15.6 inch) Display, My Dell (Dell Power Manager, Dell Support Assist), Office H&S 2024, 1 Year Onsite Hardware Service"
HP 15s Metal Intel Core i3 13th Gen 1315U - (8 GB/512 GB SSD/Windows 11 Home) 15-hr0005TU Thin and Lig...,"₹37,990","Intel Core i3 Processor (13th Gen), 8 GB DDR4 RAM, Windows 11 Home Operating System, 512 GB SSD, 39.62 cm (15.6 Inch) Display, MS Office Home 2024 + MISC PC Game Pass DA 3M, 1 Year Onsite Warranty"
ASUS Vivobook Go 15 AMD Ryzen 3 Quad Core 7320U - (8 GB/512 GB SSD/Windows 11 Home) E1504FA-NJ130WS | ...,"₹30,990","AMD Ryzen 3 Quad Core Processor, 8 GB LPDDR5 RAM, Windows 11 Home Operating System, 512 GB SSD, 39.62 cm (15.6 Inch) Display, Microsoft Office Home 2024 + Microsoft 365 Basic, 1 Year Onsite Warranty"
Acer Aspire 3 Intel Core i3 12th Gen 1215U - (8 GB/512 GB SSD/Windows 11 Home) A324-51 Thin and Light ...,"₹29,990","Intel Core i3 Processor (12th Gen), 8 GB DDR4 RAM, 64 bit Windows 11 Operating System, 512 GB SSD, 35.56 cm (14 Inch) Display, 1 Year Domestic Warranty"
ASUS Vivobook Go 15 AMD Ryzen 5 Quad Core 7520U - (8 GB/512 GB SSD/Windows 11 Home) E1504FA-NJ133WS | ...,"₹36,990","AMD Ryzen 5 Quad Core Processor, 8 GB LPDDR5 RAM, Windows 11 Home Operating System, 512 GB SSD, 39.62 cm (15.6 Inch) Display, Microsoft Office Home 2024 + Microsoft 365 Basic, 1 Year Onsite Warranty"
ASUS TUF Gaming A15 (2025) AMD Ryzen 7 Hexa Core 7445HS - (16 GB/512 GB SSD/Windows 11 Home/4 GB Graph...,"₹66,990","AMD Ryzen 7 Hexa Core Processor, 16 GB DDR5 RAM, Windows 11 Home Operating System, 512 GB SSD, 39.62 cm (15.6 Inch) Display, 1 Year Onsite Warranty"
Acer Aspire 3 AMD Ryzen 3 Quad Core 7330U - (16 GB/512 GB SSD/Windows 11 Home) AS15-42 Thin and Light ...,"₹34,990","AMD Ryzen 3 Quad Core Processor, 16 GB DDR4 RAM, Windows 11 Operating System, 512 GB SSD, 39.62 cm (15.6 Inch) Display, 1 Year Onsite Warranty"
Lenovo IdeaPad Slim 3 Next Gen AI PC WUXGA IPS Copilot + PC Qualcomm Snapdragon X - (16 GB/512 GB SSD/...,"₹50,990","Qualcomm Snapdragon X Processor, 16 GB LPDDR5X RAM, Windows 11 Home Operating System, 512 GB SSD, 38.86 cm (15.3 inch) Display, Office Home 2024, 1 Year Onsite Warranty"
MOTOROLA Motobook 60 Full Metal OLED (i5 14th Gen) Intel Core 5 (Series 2) 210H - (16 GB/512 GB SSD/Wi...,"₹49,990","Intel Core 5 (Series 2) Processor, 16 GB DDR5 RAM, 64 bit Windows 11 Operating System, 512 GB SSD, 35.56 cm (14 Inch) Display, Office Home 2024, 1 Year Onsite Warranty"
"ASUS Vivobook 14 (2025) with Office 2024 + M365 Basic*, Backlit Keyboard, Intel Core i3 13th Gen 1315U...","₹36,990","Intel Core i3 Processor (13th Gen), 8 GB DDR4 RAM, Windows 11 Home Operating System, 512 GB SSD, 35.56 cm (14 inch) Display, Microsoft Office Home 2024 (Lifetime Validity ) + Microsoft 365 Basic*(1-Year Validity), One-Month Membership of Adobe Creative Cloud All Apps, McAfee 1 year, 1 Year Onsite Warranty"
Acer Aspire 14 Intel Core i7 13th Gen 13620H - (16 GB/512 GB SSD/Windows 11 Home) AS14H-53 Thin and Li...,"₹56,990","Intel Core i7 Processor (13th Gen), 16 GB LPDDR5 RAM, 64 bit Windows 11 Home Operating System, 512 GB SSD, 35.56 cm (14 inch) Display, 1 Year Warranty"
"ASUS Vivobook S14 (2025) with Office 2024 + M365 Basic*, AI PC, Backlit Keyboard, Qualcomm Snapdragon ...","₹54,990","Qualcomm Snapdragon X Processor, 16 GB LPDDR5X RAM, Windows 11 Home Operating System, 512 GB SSD, 35.56 cm (14 inch) Display, Microsoft Office Home 2024 (Lifetime Validity ) + Microsoft 365 Basic*(1-Year Validity), One-Month Membership of Adobe Creative Cloud All Apps, 1 Year Onsite Warranty"
ASUS Vivobook S14 (2025)(i5 14th Gen) with Office 2024 + M365 Basic* Backlit Keyboard Intel Core 5 210...,"₹63,990","Intel Core 5 Processor, 16 GB DDR5 RAM, Windows 11 Home Operating System, 512 GB SSD, 35.56 cm (14 inch) Display, Microsoft Office Home 2024 (Lifetime Validity ) + Microsoft 365 Basic*(1-Year Validity), One-Month Membership of Adobe Creative Cloud All Apps, McAfee 1 year, 1 Year Onsite Warranty"
ASUS Expertbook P1 Intel Core i3 13th Gen 1315U - (16 GB/512 GB SSD/Windows 11 Home) P1503CVA-S71074WS...,"₹38,990","Intel Core i3 Processor (13th Gen), 16 GB DDR5 RAM, Windows 11 Home Operating System, 512 GB SSD, 39.62 cm (15.6 inch) Display, Included Software- Microsoft Office Home 2024(includes Word, Excel, PowerPoint, and OneNote) (Lifetime Validity ) + Microsoft 365 Basic*(1-Year Validity), McAfee+TM Premium (1 year Validity), 1 Year Onsite Warranty"
Acer Aspire 3 Intel Pentium Quad Core 12th Gen N100 - (8 GB/512 GB SSD/Windows 11 Home) A324-31 Thin a...,"₹27,990","Intel Pentium Quad Core Processor (12th Gen), 8 GB DDR4 RAM, Windows 11 Operating System, 512 GB SSD, 35.56 cm (14 Inch) Display, 1 Year Carry-in Warranty"
Acer Chromebook Intel Celeron Dual Core N4500 - (8 GB/128 GB EMMC Storage/Chrome OS) CB314-3H-C5QE/ CB...,"₹15,999","Intel Celeron Dual Core Processor, 8 GB LPDDR4X RAM, Chrome Operating System, 39.62 cm (15.6 inch) Display, 1 Year Onsite Warranty"
Acer Aspire Lite AMD Ryzen 7 Octa Core 7730U - (16 GB/1 TB SSD/Windows 11 Home) AL15-41 Thin and Light...,"₹47,990","AMD Ryzen 7 Octa Core Processor, 16 GB DDR4 RAM, 64 bit Windows 11 Operating System, 1 TB SSD, 39.62 cm (15.6 Inch) Display, 1 Year Onsite Warranty"
HP MSO 2024 Intel Core i3 13th Gen 1315U - (16 GB/512 GB SSD/Windows 11 Home) 15-fd0574TU / 15 - fd066...,"₹40,990","Intel Core i3 Processor (13th Gen), 16 GB DDR4 RAM, Windows 11 Home Operating System, 512 GB SSD, 39.62 cm (15.6 Inch) Display, MS Office Home 2024 + MISC PC Game Pass DA 3M, 1 Year Onsite Warranty"
HP Intel Core i7 13th Gen 13620H - (16 GB/512 GB SSD/Windows 11 Home) 15-fr0046TU Thin and Light Lapto...,"₹66,990","Intel Core i7 Processor (13th Gen), 16 GB DDR4 RAM, Windows 11 Home Operating System, 512 GB SSD, 39.62 cm (15.6 Inch) Display, 1 Year Onsite Warranty"
HP 15 (2025) AMD Ryzen 3 Quad Core 7320U - (16 GB/512 GB SSD/Windows 11 Home) 15 Thin and Light Laptop,"₹39,890","AMD Ryzen 3 Quad Core Processor, 16 GB LPDDR5 RAM, 64 bit Windows 11 Home Operating System, 512 GB SSD, 39.62 cm (15.6 inch) Display, Microsoft Office 2021, Windows 11 Pro, 1 Year Onsite Warranty"
MOTOROLA Motobook 60 Pro Full Metal OLED AI PC Intel Core Ultra 7 255 H - (32 GB/1 TB SSD/Windows 11 H...,"₹82,990","Intel Core Ultra 7 Processor, 32 GB DDR5 RAM, 64 bit Windows 11 Operating System, 1 TB SSD, 35.56 cm (14 inch) Display, Office Home & Student 2024, 1 Year Warranty"
MOTOROLA Motobook 60 Full Metal OLED (i5 14th Gen) Intel Core 5 (Series 2) 210H - (16 GB/512 GB SSD/Wi...,"₹49,990","Intel Core 5 (Series 2) Processor, 16 GB DDR5 RAM, 64 bit Windows 11 Operating System, 512 GB SSD, 35.56 cm (14 Inch) Display, Office Home 2024, 1 Year Onsite Warranty"
HP Victus Intel Core i5 14th Gen 14450HX - (24 GB/512 GB SSD/Windows 11 Home/6 GB Graphics/NVIDIA GeFo...,"₹85,990","Intel Core i5 Processor (14th Gen), 24 GB DDR5 RAM, Windows 11 Home Operating System, 512 GB SSD, 39.62 cm (15.6 inch) Display, MSO Home 2024 + 1yr M365 Basic & MISC PC Game Pass DA 3M, 1 Year Onsite Warranty"
MOTOROLA Motobook 60 Full Metal OLED (i7 14th Gen) Intel Core 7 (Series 2) 240H - (16 GB/512 GB SSD/Wi...,"₹57,990","Intel Core 7 (Series 2) Processor, 16 GB DDR5 RAM, 64 bit Windows 11 Operating System, 512 GB SSD, 35.56 cm (14 Inch) Display, Office Home 2024, 1 Year Onsite Warranty"
Apple MacBook AIR M2 - (16 GB/256 GB SSD/macOS Sequoia) MC7W4HN/A,"₹66,149","Apple M2 Processor, 16 GB Unified Memory RAM, Mac OS Operating System, 256 GB SSD, 34.54 cm (13.6 Inch) Display, Built-in Apps: App Store, Books, Calendar, Contacts, FaceTime, Find My, Freeform, GarageBand, Home, iMovie, Keynote, Mail, Maps, Messages, Music, Notes, Numbers, Pages, Photo Booth, Photos, Podcasts, Preview, QuickTime Player, Reminders, Safari, Shortcuts, Siri, Stocks, Time Machine, TV, Voice Memos, Weather, 1 Year Limited Warranty"
HP Intel Core i5 13th Gen 1334U - (12 GB/512 GB SSD/Windows 11 Home) 15-fd0575TU Thin and Light Laptop,"₹50,990","Intel Core i5 Processor (13th Gen), 12 GB DDR4 RAM, Windows 11 Home Operating System, 512 GB SSD, 39.62 cm (15.6 Inch) Display, MS Office Home 2024 + MISC PC Game Pass DA 3M, 1 Year Onsite Warranty"
HP Chromebook Intel Celeron Dual Core N4120 - (4 GB/64 GB EMMC Storage/Chrome OS) 14a-ca0506TU Chromeb...,"₹17,990","Intel Celeron Dual Core Processor, 4 GB LPDDR4 RAM, 64 bit Chrome Operating System, 35.56 cm (14 Inch) Touchscreen Display, 1 Year Onsite Warranty"
HP 15s Metal Intel Core i3 13th Gen 1315U - (8 GB/512 GB SSD/Windows 11 Home) 15-hr0005TU Thin and Lig...,"₹37,990","Intel Core i3 Processor (13th Gen), 8 GB DDR4 RAM, Windows 11 Home Operating System, 512 GB SSD, 39.62 cm (15.6 Inch) Display, MS Office Home 2024 + MISC PC Game Pass DA 3M, 1 Year Onsite Warranty"
ASUS Vivobook Go 15 AMD Ryzen 3 Quad Core 7320U - (8 GB/512 GB SSD/Windows 11 Home) E1504FA-NJ130WS | ...,"₹30,990","AMD Ryzen 3 Quad Core Processor, 8 GB LPDDR5 RAM, Windows 11 Home Operating System, 512 GB SSD, 39.62 cm (15.6 Inch) Display, Microsoft Office Home 2024 + Microsoft 365 Basic, 1 Year Onsite Warranty"
Lenovo IdeaPad Slim 3 Backlit Keyboard with MSO'2024 Intel Core i5 13th Gen 13420H - (24 GB/1 TB SSD/W...,"₹62,990","Intel Core i5 Processor (13th Gen), 24 GB DDR5 RAM, Windows 11 Home Operating System, 1 TB SSD, 38.86 cm (15.3 inch) Display, Office Home 2024, 1 Year Onsite Warranty"
"HP Professional 14, Intel Core i5 13th Gen 1334U Turbo Boost, Finger Print and Backlite Keyboard - (16...","₹57,810","Intel Core i5 Processor (13th Gen), 16 GB DDR4X RAM, 64 bit Windows 11 Operating System, 512 GB SSD, 35.56 cm (14 inch) Display, MS OFFICE, 1-Year(DOMESTIC)"
Lenovo IdeaPad Slim 3 Next Gen AI PC WUXGA IPS Copilot + PC Qualcomm Snapdragon X - (16 GB/512 GB SSD/...,"₹50,990","Qualcomm Snapdragon X Processor, 16 GB LPDDR5X RAM, Windows 11 Home Operating System, 512 GB SSD, 38.86 cm (15.3 inch) Display, Office Home 2024, 1 Year Onsite Warranty"
MOTOROLA Motobook 60 Full Metal OLED (i5 14th Gen) Intel Core 5 (Series 2) 210H - (16 GB/512 GB SSD/Wi...,"₹49,990","Intel Core 5 (Series 2) Processor, 16 GB DDR5 RAM, 64 bit Windows 11 Operating System, 512 GB SSD, 35.56 cm (14 Inch) Display, Office Home 2024, 1 Year Onsite Warranty"
DELL 15 (Core i3 14th Gen) Intel Core 3 100U - (8 GB/512 GB SSD/Windows 11 Home) DC15250 Thin and Ligh...,"₹38,990","Intel Core 3 Processor, 8 GB DDR4 RAM, Windows 11 Operating System, 512 GB SSD, 38.1 cm (15 Inch) Display, 1 Year Onsite Warranty"
ASUS Vivobook Go 15 AMD Ryzen 5 Quad Core 7520U - (8 GB/512 GB SSD/Windows 11 Home) E1504FA-NJ132WS | ...,"₹36,990","AMD Ryzen 5 Quad Core Processor, 8 GB LPDDR5 RAM, Windows 11 Home Operating System, 512 GB SSD, 39.62 cm (15.6 Inch) Display, Microsoft Office Home 2024 + Microsoft 365 Basic, 1 Year Onsite Warranty"
Acer Aspire 3 Intel Core i3 13th Gen 1305U - (8 GB/512 GB SSD/Windows 11 Home) A324-53 Thin and Light ...,"₹30,990","Intel Core i3 Processor (13th Gen), 8 GB DDR4 RAM, Windows 11 Operating System, 512 GB SSD, 35.56 cm (14 Inch) Display, 1 Year Carry-in Warranty"
Acer Nitro V 15 Intel Core i5 13th Gen 13420H - (16 GB/512 GB SSD/Windows 11 Home/8 GB Graphics/NVIDIA...,"₹82,990","Intel Core i5 Processor (13th Gen), 16 GB DDR4 RAM, 64 bit Windows 11 Home Operating System, 512 GB SSD, 39.62 cm (15.6 inch) Display, 1 Year Warranty"
HP MSO 2024 Intel Core i3 13th Gen 1315U - (16 GB/512 GB SSD/Windows 11 Home) 15-fd0574TU / 15 - fd066...,"₹40,990","Intel Core i3 Processor (13th Gen), 16 GB DDR4 RAM, Windows 11 Home Operating System, 512 GB SSD, 39.62 cm (15.6 Inch) Display, MS Office Home 2024 + MISC PC Game Pass DA 3M, 1 Year Onsite Warranty"
HP Intel Core i7 13th Gen 13620H - (16 GB/512 GB SSD/Windows 11 Home) 15-fr0046TU Thin and Light Lapto...,"₹66,990","Intel Core i7 Processor (13th Gen), 16 GB DDR4 RAM, Windows 11 Home Operating System, 512 GB SSD, 39.62 cm (15.6 Inch) Display, 1 Year Onsite Warranty"
"ASUS Vivobook S14 (2025) with Office 2024 + M365 Basic*, Backlit Keyboard, Intel Core i7 13th Gen 1362...","₹65,990","Intel Core i7 Processor (13th Gen), 16 GB DDR5 RAM, Windows 11 Home Operating System, 512 GB SSD, 35.56 cm (14 inch) Display, Microsoft Office Home 2024 (Lifetime Validity ) + Microsoft 365 Basic*(1-Year Validity), One-Month Membership of Adobe Creative Cloud All Apps, McAfee 1 year, 1 Year Onsite Warranty"
Primebook 2 Pro (2025) in-Built AI MediaTek Helio G99 (MT8781) - (8 GB/128 GB/Android 15) PBG9914128#4...,"₹18,990","MediaTek Helio G99 (MT8781) Processor, 8 GB LPDDR4X RAM, 64 bit Android Operating System, 35.81 cm (14.1 Inch) Display, 1 Year Onsite Warranty"
MOTOROLA Motobook 60 Full Metal OLED (i5 14th Gen) Intel Core 5 (Series 2) 210H - (16 GB/512 GB SSD/Wi...,"₹49,990","Intel Core 5 (Series 2) Processor, 16 GB DDR5 RAM, 64 bit Windows 11 Operating System, 512 GB SSD, 35.56 cm (14 Inch) Display, Office Home 2024, 1 Year Onsite Warranty"
HP Victus Intel Core i5 14th Gen 14450HX - (24 GB/512 GB SSD/Windows 11 Home/6 GB Graphics/NVIDIA GeFo...,"₹85,990","Intel Core i5 Processor (14th Gen), 24 GB DDR5 RAM, Windows 11 Home Operating System, 512 GB SSD, 39.62 cm (15.6 inch) Display, MSO Home 2024 + 1yr M365 Basic & MISC PC Game Pass DA 3M, 1 Year Onsite Warranty"
HP 15s Metal Intel Core i3 13th Gen 1315U - (8 GB/512 GB SSD/Windows 11 Home) 15-hr0005TU Thin and Lig...,"₹37,990","Intel Core i3 Processor (13th Gen), 8 GB DDR4 RAM, Windows 11 Home Operating System, 512 GB SSD, 39.62 cm (15.6 Inch) Display, MS Office Home 2024 + MISC PC Game Pass DA 3M, 1 Year Onsite Warranty"
DELL 15 Intel Core i3 13th Gen 1305U - (16 GB/512 GB SSD/Windows 11 Home) 3530 Thin and Light Laptop,"₹39,990","Intel Core i3 Processor (13th Gen), 16 GB DDR4 RAM, Windows 11 Home Operating System, 512 GB SSD, 39.62 cm (15.6 inch) Display, Microsoft Office H&S 2024, My Dell (Dell Power Manager, Dell Support Assist), 1 Year Onsite Hardware Service"
Primebook 2 Max (2025) in-Built AI MediaTek Helio G99 (MT8781) - (8 GB/256 GB/Android 15) PBG9915256#3...,"₹21,590","MediaTek Helio G99 (MT8781) Processor, 8 GB LPDDR4X RAM, 64 bit Android Operating System, 39.62 cm (15.6 Inch) Display, 1 Year Onsite Warranty"
HP Victus AMD Ryzen 7 Hexa Core 7445HS - (16 GB/512 GB SSD/Windows 11 Home/4 GB Graphics/NVIDIA GeForc...,"₹60,990","AMD Ryzen 7 Hexa Core Processor, 16 GB DDR5 RAM, Windows 11 Home Operating System, 512 GB SSD, 39.62 cm (15.6 Inch) Display, MS Office Home 2024 + MISC PC Game Pass DA 3M, 1 Year Onsite Warranty"
ASUS Vivobook Go 15 AMD Ryzen 3 Quad Core 7320U - (8 GB/512 GB SSD/Windows 11 Home) E1504FA-NJ130WS | ...,"₹30,990","AMD Ryzen 3 Quad Core Processor, 8 GB LPDDR5 RAM, Windows 11 Home Operating System, 512 GB SSD, 39.62 cm (15.6 Inch) Display, Microsoft Office Home 2024 + Microsoft 365 Basic, 1 Year Onsite Warranty"
Lenovo IdeaPad Slim 3 Next Gen AI PC WUXGA IPS Copilot + PC Qualcomm Snapdragon X - (16 GB/512 GB SSD/...,"₹50,990","Qualcomm Snapdragon X Processor, 16 GB LPDDR5X RAM, Windows 11 Home Operating System, 512 GB SSD, 38.86 cm (15.3 inch) Display, Office Home 2024, 1 Year Onsite Warranty"
Acer Aspire 15 AMD Ryzen 5 Hexa Core 7430U - (8 GB/512 GB SSD/Windows 11 Home) A325-42 Thin and Light ...,"₹39,938","AMD Ryzen 5 Hexa Core Processor, 8 GB DDR4 RAM, Windows 11 Operating System, 512 GB SSD, 39.62 cm (15.6 Inch) Display, 1 Year Carry-in Warranty"
HP 15 Intel Core i3 13th Gen 1315U - (16 GB/512 GB SSD/Windows 11 Home) 15-fd0668TU Thin and Light Lap...,"₹47,800","Intel Core i3 Processor (13th Gen), 16 GB DDR4 RAM, Windows 11 Home Operating System, 512 GB SSD, 39.62 cm (15.6 Inch) Display, 1 Year Onsite Warranty"
MOTOROLA Motobook 60 Full Metal OLED (i5 14th Gen) Intel Core 5 (Series 2) 210H - (16 GB/512 GB SSD/Wi...,"₹49,990","Intel Core 5 (Series 2) Processor, 16 GB DDR5 RAM, 64 bit Windows 11 Operating System, 512 GB SSD, 35.56 cm (14 Inch) Display, Office Home 2024, 1 Year Onsite Warranty"
"ASUS Vivobook S14 (2025) with Office 2024 + M365 Basic*, AI PC, Backlit Keyboard, Qualcomm Snapdragon ...","₹54,990","Qualcomm Snapdragon X Processor, 16 GB LPDDR5X RAM, Windows 11 Home Operating System, 512 GB SSD, 35.56 cm (14 inch) Display, Microsoft Office Home 2024 (Lifetime Validity ) + Microsoft 365 Basic*(1-Year Validity), One-Month Membership of Adobe Creative Cloud All Apps, 1 Year Onsite Warranty"
Acer Swift Neo OLED Intel Core Ultra 5 115U - (16 GB/1 TB SSD/Windows 11 Home) SFN14-54H Thin and Ligh...,"₹52,990","Intel Core Ultra 5 Processor, 16 GB LPDDR5 RAM, 64 bit Windows 11 Home Operating System, 1 TB SSD, 35.56 cm (14 inch) Display, 1 Year Warranty"
DELL 15 AMD Ryzen 7 Octa Core 7730U - (16 GB/512 GB SSD/Windows 11 Home) DC15255 Thin and Light Laptop,"₹50,990","AMD Ryzen 7 Octa Core Processor, 16 GB DDR4 RAM, Windows 11 Operating System, 512 GB SSD, 38.1 cm (15 Inch) Display, 1 Year Onsite Hardware Service"
Lenovo IdeaPad 1 Intel Celeron Dual Core N4500 - (8 GB/512 GB SSD/Windows 11 Home) IdeaPad 1 15IJL7 Th...,"₹33,791","Intel Celeron Dual Core Processor, 8 GB DDR4 RAM, Windows 11 Home Operating System, 512 GB SSD, 39.62 cm (15.6 Inch) Display, 1 Year Onsite Warranty"
"ASUS Vivobook Go 15 (2025) with Office 2024 + M365 Basic*, Backlit Keyboard, AMD Ryzen 5 Quad Core 752...","₹40,990","AMD Ryzen 5 Quad Core Processor, 16 GB LPDDR5 RAM, Windows 11 Home Operating System, 512 GB SSD, 39.62 cm (15.6 inch) Display, Microsoft Office Home 2024 (Lifetime Validity ) + Microsoft 365 Basic*(1-Year Validity), McAfee 1 year, 1 Year Onsite Warranty"
ASUS Vivobook S14 (2025)(i5 14th Gen) with Office 2024 + M365 Basic* Backlit Keyboard Intel Core 5 210...,"₹63,990","Intel Core 5 Processor, 16 GB DDR5 RAM, Windows 11 Home Operating System, 512 GB SSD, 35.56 cm (14 inch) Display, Microsoft Office Home 2024 (Lifetime Validity ) + Microsoft 365 Basic*(1-Year Validity), One-Month Membership of Adobe Creative Cloud All Apps, McAfee 1 year, 1 Year Onsite Warranty"
ASUS Expertbook P1 High-performance processor Intel Core i5 13th Gen 13420H - (32 GB/512 GB SSD/Window...,"₹53,990","Intel Core i5 Processor (13th Gen), 32 GB DDR5 RAM, Windows 11 Home Operating System, 512 GB SSD, 35.56 cm (14 inch) Display, Included Software- Microsoft Office Home 2024(includes Word, Excel, PowerPoint, and OneNote) (Lifetime Validity ) + Microsoft 365 Basic*(1-Year Validity), McAfee+TM Premium (1 year Validity), 1 Year Onsite Warranty"
Acer Aspire 3 AMD Ryzen 3 Quad Core 7330U - (8 GB/512 GB SSD/Windows 11 Home) AS15 42 / A325 42 Thin a...,"₹29,990","AMD Ryzen 3 Quad Core Processor, 8 GB DDR4 RAM, Windows 11 Operating System, 512 GB SSD, 39.62 cm (15.6 Inch) Display, 1 Year Carry-in Warranty"
"Acer Aspire 14 with Backlit Keyboard, Intel Core i5 13th Gen 13500H - (16 GB/512 GB SSD/Windows 11 Hom...","₹51,990","Intel Core i5 Processor (13th Gen), 16 GB LPDDR5 RAM, 64 bit Windows 11 Home Operating System, 512 GB SSD, 35.56 cm (14 inch) Display, 1 Year Warranty"
HP MSO 2024 Intel Core i3 13th Gen 1315U - (16 GB/512 GB SSD/Windows 11 Home) 15-fd0574TU / 15 - fd066...,"₹40,990","Intel Core i3 Processor (13th Gen), 16 GB DDR4 RAM, Windows 11 Home Operating System, 512 GB SSD, 39.62 cm (15.6 Inch) Display, MS Office Home 2024 + MISC PC Game Pass DA 3M, 1 Year Onsite Warranty"
HP Intel Core i7 13th Gen 13620H - (16 GB/512 GB SSD/Windows 11 Home) 15-fr0046TU Thin and Light Lapto...,"₹66,990","Intel Core i7 Processor (13th Gen), 16 GB DDR4 RAM, Windows 11 Home Operating System, 512 GB SSD, 39.62 cm (15.6 Inch) Display, 1 Year Onsite Warranty"
HP 15s Intel Core i3 12th Gen 1215U - (8 GB/512 GB SSD/Windows 11 Home) 15-fd0752TU /15s-fy5003TU Thin...,"₹34,490","Intel Core i3 Processor (12th Gen), 8 GB DDR4 RAM, Windows 11 Operating System, 512 GB SSD, 39.62 cm (15.6 inch) Display, 1 Year Onsite Warranty"
Primebook 2 Neo (2025) in-Built AI MediaTek Helio G99 (MT8781) - (6 GB/128 GB/Android 15) PBG9911128#B...,"₹15,990","MediaTek Helio G99 (MT8781) Processor, 6 GB LPDDR4 RAM, 64 bit Android Operating System, 29.46 cm (11.6 Inch) Display, 1 Year Onsite Warranty"
Lenovo Yoga Slim 7 Ultra 7 155H WUXGA OLED Intel Core Ultra 7 155H - (16 GB/1 TB SSD/Windows 11 Home) ...,"₹95,990","Intel Core Ultra 7 Processor, 16 GB LPDDR5X RAM, Windows 11 Operating System, 1 TB SSD, 35.56 cm (14 Inch) Display, 1 Year Carry-in Warranty"
Lenovo IdeaPad Slim 3 Backlit Intel Core i5 12th Gen 12450H - (16 GB/512 GB SSD/Windows 11 Home) 15IAH...,"₹47,990","Intel Core i5 Processor (12th Gen), 16 GB LPDDR5 RAM, Windows 11 Operating System, 512 GB SSD, 39.62 cm (15.6 Inch) Display, 1 Yr. Onsite + 1 Yr. Accidental Damage Protection"
MOTOROLA Motobook 60 Full Metal OLED (i5 14th Gen) Intel Core 5 (Series 2) 210H - (16 GB/512 GB SSD/Wi...,"₹49,990","Intel Core 5 (Series 2) Processor, 16 GB DDR5 RAM, 64 bit Windows 11 Operating System, 512 GB SSD, 35.56 cm (14 Inch) Display, Office Home 2024, 1 Year Onsite Warranty"
HP Victus Intel Core i5 14th Gen 14450HX - (24 GB/512 GB SSD/Windows 11 Home/6 GB Graphics/NVIDIA GeFo...,"₹85,990","Intel Core i5 Processor (14th Gen), 24 GB DDR5 RAM, Windows 11 Home Operating System, 512 GB SSD, 39.62 cm (15.6 inch) Display, MSO Home 2024 + 1yr M365 Basic & MISC PC Game Pass DA 3M, 1 Year Onsite Warranty"
Acer Aspire 3 (2025) Intel Core i5 13th Gen 1334U - (16 GB/512 GB SSD/Windows 11 Home) Aspire 3 A325-5...,"₹47,690","Intel Core i5 Processor (13th Gen), 16 GB DDR4 RAM, 64 bit Windows 11 Home Operating System, 512 GB SSD, 39.62 cm (15.6 inch) Display, Microsoft Office 2021, Windows 11 Home, 3 Years Warranty"
DELL 15 AMD Ryzen 7 Octa Core 7730U - (16 GB/512 GB SSD/Windows 11 Home) DC15255 Thin and Light Laptop,"₹50,990","AMD Ryzen 7 Octa Core Processor, 16 GB DDR4 RAM, Windows 11 Operating System, 512 GB SSD, 38.1 cm (15 Inch) Display, 1 Year Onsite Hardware Service"
HP 15s Metal Intel Core i3 13th Gen 1315U - (8 GB/512 GB SSD/Windows 11 Home) 15-hr0005TU Thin and Lig...,"₹37,990","Intel Core i3 Processor (13th Gen), 8 GB DDR4 RAM, Windows 11 Home Operating System, 512 GB SSD, 39.62 cm (15.6 Inch) Display, MS Office Home 2024 + MISC PC Game Pass DA 3M, 1 Year Onsite Warranty"
ASUS Vivobook Go 15 AMD Ryzen 3 Quad Core 7320U - (8 GB/512 GB SSD/Windows 11 Home) E1504FA-NJ130WS | ...,"₹30,990","AMD Ryzen 3 Quad Core Processor, 8 GB LPDDR5 RAM, Windows 11 Home Operating System, 512 GB SSD, 39.62 cm (15.6 Inch) Display, Microsoft Office Home 2024 + Microsoft 365 Basic, 1 Year Onsite Warranty"
ASUS Expertbook P1 Intel Core i3 13th Gen 1315U - (8 GB/512 GB SSD/Windows 11 Home) P1403CVA-S60343WS ...,"₹36,990","Intel Core i3 Processor (13th Gen), 8 GB DDR5 RAM, Windows 11 Home Operating System, 512 GB SSD, 35.56 cm (14 inch) Display, Included Software- Microsoft Office Home 2024(includes Word, Excel, PowerPoint, and OneNote) (Lifetime Validity ) + Microsoft 365 Basic*(1-Year Validity), McAfee+TM Premium (1 year Validity), 1 Year Onsite Warranty"
DELL G15 Intel Core i5 13th Gen 13450HX - (16 GB/1 TB SSD/Windows 11 Home/6 GB Graphics/NVIDIA GeForce...,"₹77,787","Intel Core i5 Processor (13th Gen), 16 GB DDR5 RAM, Windows 11 Operating System, 1 TB SSD, 39.62 cm (15.6 inch) Display, Alienware Command Center,Dell Support Assist), 1 Year Onsite Warranty"
Lenovo IdeaPad Slim 3 Intel Core i5 12th Gen 12450H - (8 GB/512 GB SSD/Windows 11 Home) 15IAH8 Thin an...,"₹48,990","Intel Core i5 Processor (12th Gen), 8 GB LPDDR5 RAM, Windows 11 Operating System, 512 GB SSD, 39.62 cm (15.6 Inch) Display, 1 Yr. Onsite"
Lenovo IdeaPad Slim 3 Backlit Keyboard with MSO'2024 Intel Core i5 13th Gen 13420H - (24 GB/1 TB SSD/W...,"₹62,990","Intel Core i5 Processor (13th Gen), 24 GB DDR5 RAM, Windows 11 Home Operating System, 1 TB SSD, 38.86 cm (15.3 inch) Display, Office Home 2024, 1 Year Onsite Warranty"
Lenovo IdeaPad Slim 3 Next Gen AI PC WUXGA IPS Copilot + PC Qualcomm Snapdragon X - (16 GB/512 GB SSD/...,"₹50,990","Qualcomm Snapdragon X Processor, 16 GB LPDDR5X RAM, Windows 11 Home Operating System, 512 GB SSD, 38.86 cm (15.3 inch) Display, Office Home 2024, 1 Year Onsite Warranty"
MOTOROLA Motobook 60 Full Metal OLED (i5 14th Gen) Intel Core 5 (Series 2) 210H - (16 GB/512 GB SSD/Wi...,"₹49,990","Intel Core 5 (Series 2) Processor, 16 GB DDR5 RAM, 64 bit Windows 11 Operating System, 512 GB SSD, 35.56 cm (14 Inch) Display, Office Home 2024, 1 Year Onsite Warranty"
"ASUS Vivobook 15 (2025) with Office 2024 + M365 Basic*, Intel Core i3 13th Gen 1315U - (16 GB/512 GB S...","₹38,990","Intel Core i3 Processor (13th Gen), 16 GB DDR4 RAM, Windows 11 Home Operating System, 512 GB SSD, 39.62 cm (15.6 inch) Display, Microsoft Office Home 2024 (Lifetime Validity ) + Microsoft 365 Basic*(1-Year Validity), One-Month Membership of Adobe Creative Cloud All Apps, McAfee 1 year, 1 Year Onsite Warranty"
Acer Aspire Lite AMD Ryzen 3 Quad Core 7330U - (16 GB/512 GB SSD/Windows 11 Home) AL15-41 Thin and Lig...,"₹34,990","AMD Ryzen 3 Quad Core Processor, 16 GB DDR4 RAM, Windows 11 Operating System, 512 GB SSD, 39.62 cm (15.6 Inch) Display, 1 Year Carry-in Warranty"
"ASUS Vivobook S14 (2025) with Office 2024 + M365 Basic*, AI PC, Backlit Keyboard, Qualcomm Snapdragon ...","₹54,990","Qualcomm Snapdragon X Processor, 16 GB LPDDR5X RAM, Windows 11 Home Operating System, 512 GB SSD, 35.56 cm (14 inch) Display, Microsoft Office Home 2024 (Lifetime Validity ) + Microsoft 365 Basic*(1-Year Validity), One-Month Membership of Adobe Creative Cloud All Apps, 1 Year Onsite Warranty"
ASUS Vivobook S14 (2025)(i5 14th Gen) with Office 2024 + M365 Basic* Backlit Keyboard Intel Core 5 210...,"₹63,990","Intel Core 5 Processor, 16 GB DDR5 RAM, Windows 11 Home Operating System, 512 GB SSD, 35.56 cm (14 inch) Display, Microsoft Office Home 2024 (Lifetime Validity ) + Microsoft 365 Basic*(1-Year Validity), One-Month Membership of Adobe Creative Cloud All Apps, McAfee 1 year, 1 Year Onsite Warranty"
Acer Aspire 3 Intel Celeron Dual Core - (8 GB/128 GB SSD/Windows 11 Home) A311-45 Thin and Light Lapto...,"₹17,990","Intel Celeron Dual Core Processor, 8 GB DDR4 RAM, 64 bit Windows 11 Home Operating System, 128 GB SSD, 29.46 cm (11.6 inch) Display, 1 Year Warranty"
ASUS Expertbook P1 High-performance processor Intel Core i7 13th Gen 13620H - (32 GB/512 GB SSD/Window...,"₹63,990","Intel Core i7 Processor (13th Gen), 32 GB DDR5 RAM, Windows 11 Home Operating System, 512 GB SSD, 35.56 cm (14 inch) Display, Included Software- Microsoft Office Home 2024(includes Word, Excel, PowerPoint, and OneNote) (Lifetime Validity ) + Microsoft 365 Basic*(1-Year Validity), McAfee+TM Premium (1 year Validity), 1 Year Onsite Warranty"
ASUS TUF Gaming A15 (2025) AMD Ryzen 7 Hexa Core 7445HS - (16 GB/1 TB SSD/Windows 11 Home/4 GB Graphic...,"₹72,490","AMD Ryzen 7 Hexa Core Processor, 16 GB DDR5 RAM, Windows 11 Home Operating System, 1 TB SSD, 39.62 cm (15.6 Inch) Display, 1 Year Onsite Warranty"
DELL Inspiron 15 MSO'24 with Backlit Keyboard and Fingerprint Sensor Intel Core i5 13th Gen 1334U - (1...,"₹57,990","Intel Core i5 Processor (13th Gen), 16 GB DDR4 RAM, 64 bit Windows 11 Operating System, 1 TB SSD, 38.1 cm (15 Inch) Display, My Dell (Dell Power Manager,Dell Support Assist), 1 Year Onsite Hardware Service"
HP MSO 2024 Intel Core i3 13th Gen 1315U - (16 GB/512 GB SSD/Windows 11 Home) 15-fd0574TU / 15 - fd066...,"₹40,990","Intel Core i3 Processor (13th Gen), 16 GB DDR4 RAM, Windows 11 Home Operating System, 512 GB SSD, 39.62 cm (15.6 Inch) Display, MS Office Home 2024 + MISC PC Game Pass DA 3M, 1 Year Onsite Warranty"
HP Intel Core i7 13th Gen 13620H - (16 GB/512 GB SSD/Windows 11 Home) 15-fr0046TU Thin and Light Lapto...,"₹66,990","Intel Core i7 Processor (13th Gen), 16 GB DDR4 RAM, Windows 11 Home Operating System, 512 GB SSD, 39.62 cm (15.6 Inch) Display, 1 Year Onsite Warranty"
ASUS Vivobook Go 14 (2025) with Office 2024 + M365 Basic* AMD Ryzen 3 Quad Core 7320U - (8 GB/512 GB S...,"₹32,190","AMD Ryzen 3 Quad Core Processor, 8 GB LPDDR5 RAM, Windows 11 Home Operating System, 512 GB SSD, 35.56 cm (14 inch) Display, Microsoft Office Home 2024 (Lifetime Validity ) + Microsoft 365 Basic*(1-Year Validity), McAfee 1 year, 1 Year Onsite Warranty"
ASUS Vivobook 16 (2025) with Office 2024 + M365 Basic* Intel Core i5 13th Gen 13420H - (16 GB/512 GB S...,"₹55,847","Intel Core i5 Processor (13th Gen), 16 GB DDR4 RAM, Windows 11 Home Operating System, 512 GB SSD, 40.64 cm (16 inch) Display, Microsoft Office Home 2024 (Lifetime Validity ) + Microsoft 365 Basic*(1-Year Validity), McAfee 1 year, 1 Year Onsite Warranty"
MOTOROLA Motobook 60 Full Metal OLED (i5 14th Gen) Intel Core 5 (Series 2) 210H - (16 GB/512 GB SSD/Wi...,"₹49,990","Intel Core 5 (Series 2) Processor, 16 GB DDR5 RAM, 64 bit Windows 11 Operating System, 512 GB SSD, 35.56 cm (14 Inch) Display, Office Home 2024, 1 Year Onsite Warranty"
HP Victus Intel Core i5 14th Gen 14450HX - (24 GB/512 GB SSD/Windows 11 Home/6 GB Graphics/NVIDIA GeFo...,"₹85,990","Intel Core i5 Processor (14th Gen), 24 GB DDR5 RAM, Windows 11 Home Operating System, 512 GB SSD, 39.62 cm (15.6 inch) Display, MSO Home 2024 + 1yr M365 Basic & MISC PC Game Pass DA 3M, 1 Year Onsite Warranty"
Lenovo IdeaPad Slim 1 AMD Ryzen 5 Hexa Core 5500U - (16 GB/512 GB SSD/Windows 11 Home) 15ALC7 Thin and...,"₹41,675","AMD Ryzen 5 Hexa Core Processor, 16 GB DDR4 RAM, Windows 11 Operating System, 512 GB SSD, 39.62 cm (15.6 inch) Display, Microsoft Office Home & Student 2021, 1 Year Onsite Warranty"
MSI Modern 15 Intel Core i3 12th Gen 1215U - (16 GB/512 GB SSD/Windows 11 Home) Modern 15 B12MO-1049IN...,"₹38,990","Intel Core i3 Processor (12th Gen), 16 GB DDR4 RAM, Windows 11 Operating System, 512 GB SSD, 38.1 cm (15 Inch) Display, 1 Year Carry-in Warranty"
Acer Swift Neo OLED Intel Core Ultra 5 115U - (16 GB/1 TB SSD/Windows 11 Home) SFN14-54H Thin and Ligh...,"₹52,990","Intel Core Ultra 5 Processor, 16 GB LPDDR5 RAM, 64 bit Windows 11 Home Operating System, 1 TB SSD, 35.56 cm (14 inch) Display, 1 Year Warranty"
Lenovo IdeaPad Slim 3 AMD Ryzen 5 Quad Core 7520U - (16 GB/512 GB SSD/Windows 11 Home) 15AMN8 Thin and...,"₹40,990","AMD Ryzen 5 Quad Core Processor, 16 GB LPDDR5 RAM, Windows 11 Operating System, 512 GB SSD, 39.62 cm (15.6 Inch) Display, Microsoft Office Home & Student 2021, 1 Yr. Onsite + 1 Yr. Accidental Damage Protection"
HP 15s Metal Intel Core i3 13th Gen 1315U - (8 GB/512 GB SSD/Windows 11 Home) 15-hr0005TU Thin and Lig...,"₹37,990","Intel Core i3 Processor (13th Gen), 8 GB DDR4 RAM, Windows 11 Home Operating System, 512 GB SSD, 39.62 cm (15.6 Inch) Display, MS Office Home 2024 + MISC PC Game Pass DA 3M, 1 Year Onsite Warranty"
Lenovo IdeaPad Slim 3 Next Gen AI PC WUXGA IPS Copilot + PC Qualcomm Snapdragon X - (16 GB/512 GB SSD/...,"₹50,990","Qualcomm Snapdragon X Processor, 16 GB LPDDR5X RAM, Windows 11 Home Operating System, 512 GB SSD, 38.86 cm (15.3 inch) Display, Office Home 2024, 1 Year Onsite Warranty"
ASUS Vivobook Go 15 AMD Ryzen 5 Quad Core 7520U - (8 GB/512 GB SSD/Windows 11 Home) E1504FA-NJ132WS | ...,"₹36,990","AMD Ryzen 5 Quad Core Processor, 8 GB LPDDR5 RAM, Windows 11 Home Operating System, 512 GB SSD, 39.62 cm (15.6 Inch) Display, Microsoft Office Home 2024 + Microsoft 365 Basic, 1 Year Onsite Warranty"
MOTOROLA Motobook 60 Full Metal OLED (i7 14th Gen) Intel Core 7 (Series 2) 240H - (16 GB/1 TB SSD/Wind...,"₹61,990","Intel Core 7 (Series 2) Processor, 16 GB DDR5 RAM, 64 bit Windows 11 Operating System, 1 TB SSD, 35.56 cm (14 Inch) Display, Office Home 2024, 1 Year Onsite Warranty"
ASUS Vivobook Go 15 AMD Ryzen 3 Quad Core 7320U - (8 GB/512 GB SSD/Windows 11 Home) E1504FA-NJ130WS | ...,"₹30,990","AMD Ryzen 3 Quad Core Processor, 8 GB LPDDR5 RAM, Windows 11 Home Operating System, 512 GB SSD, 39.62 cm (15.6 Inch) Display, Microsoft Office Home 2024 + Microsoft 365 Basic, 1 Year Onsite Warranty"
MOTOROLA Motobook 60 Full Metal OLED (i5 14th Gen) Intel Core 5 (Series 2) 210H - (16 GB/512 GB SSD/Wi...,"₹49,990","Intel Core 5 (Series 2) Processor, 16 GB DDR5 RAM, 64 bit Windows 11 Operating System, 512 GB SSD, 35.56 cm (14 Inch) Display, Office Home 2024, 1 Year Onsite Warranty"
HP Intel Pentium Quad Core N6000 - (8 GB/512 GB SSD/Windows 11 Home) 15s-fq3073TU Thin and Light Lapto...,"₹32,990","Intel Pentium Quad Core Processor, 8 GB DDR4 RAM, Windows 11 Operating System, 512 GB SSD, 39.62 cm (15.6 Inch) Display, 1 Year Onsite warranty"
HP Intel Core i5 13th Gen 1334U - (12 GB/512 GB SSD/Windows 11 Home) 15-fd0575TU Thin and Light Laptop,"₹50,990","Intel Core i5 Processor (13th Gen), 12 GB DDR4 RAM, Windows 11 Home Operating System, 512 GB SSD, 39.62 cm (15.6 Inch) Display, MS Office Home 2024 + MISC PC Game Pass DA 3M, 1 Year Onsite Warranty"
Lenovo LOQ AMD Ryzen 5 Quad Core 7235HS - (24 GB/512 GB SSD/Windows 11 Home/4 GB Graphics/NVIDIA GeFor...,"₹65,990","AMD Ryzen 5 Quad Core Processor, 24 GB DDR5 RAM, Windows 11 Home Operating System, 512 GB SSD, 39.62 cm (15.6 inch) Display, Microsoft Office Home 2024, 1 Year Carry-in Warranty"
MOTOROLA Motobook 60 Full Metal OLED (i7 14th Gen) Intel Core 7 (Series 2) 240H - (16 GB/512 GB SSD/Wi...,"₹57,990","Intel Core 7 (Series 2) Processor, 16 GB DDR5 RAM, 64 bit Windows 11 Operating System, 512 GB SSD, 35.56 cm (14 Inch) Display, Office Home 2024, 1 Year Onsite Warranty"
"ASUS Vivobook S14 (2025) with Office 2024 + M365 Basic*, AI PC, Backlit Keyboard, Qualcomm Snapdragon ...","₹54,990","Qualcomm Snapdragon X Processor, 16 GB LPDDR5X RAM, Windows 11 Home Operating System, 512 GB SSD, 35.56 cm (14 inch) Display, Microsoft Office Home 2024 (Lifetime Validity ) + Microsoft 365 Basic*(1-Year Validity), One-Month Membership of Adobe Creative Cloud All Apps, 1 Year Onsite Warranty"
ASUS Vivobook S14 (2025)(i5 14th Gen) with Office 2024 + M365 Basic* Backlit Keyboard Intel Core 5 210...,"₹63,990","Intel Core 5 Processor, 16 GB DDR5 RAM, Windows 11 Home Operating System, 512 GB SSD, 35.56 cm (14 inch) Display, Microsoft Office Home 2024 (Lifetime Validity ) + Microsoft 365 Basic*(1-Year Validity), One-Month Membership of Adobe Creative Cloud All Apps, McAfee 1 year, 1 Year Onsite Warranty"
"ASUS Vivobook 15 (2025) with Office 2024 + M365 Basic*, Intel Core i3 13th Gen 1315U - (16 GB/512 GB S...","₹38,990","Intel Core i3 Processor (13th Gen), 16 GB DDR4 RAM, Windows 11 Home Operating System, 512 GB SSD, 39.62 cm (15.6 inch) Display, Microsoft Office Home 2024 (Lifetime Validity ) + Microsoft 365 Basic*(1-Year Validity), One-Month Membership of Adobe Creative Cloud All Apps, McAfee 1 year, 1 Year Onsite Warranty"
MOTOROLA Motobook 60 Full Metal OLED (i7 14th Gen) Intel Core 7 (Series 2) 240H - (16 GB/1 TB SSD/Wind...,"₹61,990","Intel Core 7 (Series 2) Processor, 16 GB DDR5 RAM, 64 bit Windows 11 Operating System, 1 TB SSD, 35.56 cm (14 Inch) Display, Office Home 2024, 1 Year Onsite Warranty"
HP MSO 2024 Intel Core i3 13th Gen 1315U - (16 GB/512 GB SSD/Windows 11 Home) 15-fd0574TU / 15 - fd066...,"₹40,990","Intel Core i3 Processor (13th Gen), 16 GB DDR4 RAM, Windows 11 Home Operating System, 512 GB SSD, 39.62 cm (15.6 Inch) Display, MS Office Home 2024 + MISC PC Game Pass DA 3M, 1 Year Onsite Warranty"
HP Intel Core i7 13th Gen 13620H - (16 GB/512 GB SSD/Windows 11 Home) 15-fr0046TU Thin and Light Lapto...,"₹66,990","Intel Core i7 Processor (13th Gen), 16 GB DDR4 RAM, Windows 11 Home Operating System, 512 GB SSD, 39.62 cm (15.6 Inch) Display, 1 Year Onsite Warranty"
HP OMEN Intel Core i7 14th Gen 14650HX - (24 GB/1 TB SSD/Windows 11 Home/8 GB Graphics/NVIDIA GeForce ...,"₹1,33,990","Intel Core i7 Processor (14th Gen), 24 GB DDR5 RAM, Windows 11 Home Operating System, 1 TB SSD, 40.64 cm (16 inch) Display, MS Office Home 2024 + MISC PC Game Pass DA 3M, 1 Year Onsite Warranty"
Acer Aspire Lite Intel Core i5 12th Gen 12450H - (16 GB/1 TB SSD/Windows 11 Home) AL15-52H Thin and Li...,"₹49,990","Intel Core i5 Processor (12th Gen), 16 GB LPDDR5 RAM, 64 bit Windows 11 Home Operating System, 1 TB SSD, 39.62 cm (15.6 inch) Display, 1 Year Onsite warranty"
Lenovo IdeaPad Slim 1 AMD Ryzen 5 Quad Core 7520U - (8 GB/512 GB SSD/Windows 11 Home) 15AMN7 Thin and ...,"₹40,990","AMD Ryzen 5 Quad Core Processor, 8 GB LPDDR5 RAM, Windows 11 Operating System, 512 GB SSD, 39.62 cm (15.6 inch) Display, Microsoft Office Home & Student 2021, 1 Year Carry-in Warranty"
"ASUS Vivobook 16X (2025) for Creator with Office 2024 + M365 Basic, Intel Core i5 13th Gen 13420H - (1...","₹66,990","Intel Core i5 Processor (13th Gen), 16 GB DDR4 RAM, Windows 11 Home Operating System, 512 GB SSD, 40.64 cm (16 Inch) Display, Microsoft Office Home 2024 (Lifetime Validity ) + Microsoft 365 Basic (1-Year Validity),�McAfee -1 year, One-Month Membership of Adobe Creative Cloud All Apps, 1 Year Onsite Warranty"
MOTOROLA Motobook 60 Full Metal OLED (i5 14th Gen) Intel Core 5 (Series 2) 210H - (16 GB/512 GB SSD/Wi...,"₹49,990","Intel Core 5 (Series 2) Processor, 16 GB DDR5 RAM, 64 bit Windows 11 Operating System, 512 GB SSD, 35.56 cm (14 Inch) Display, Office Home 2024, 1 Year Onsite Warranty"
HP Victus Intel Core i5 14th Gen 14450HX - (24 GB/512 GB SSD/Windows 11 Home/6 GB Graphics/NVIDIA GeFo...,"₹85,990","Intel Core i5 Processor (14th Gen), 24 GB DDR5 RAM, Windows 11 Home Operating System, 512 GB SSD, 39.62 cm (15.6 inch) Display, MSO Home 2024 + 1yr M365 Basic & MISC PC Game Pass DA 3M, 1 Year Onsite Warranty"
"ASUS Vivobook S14 (2025) with Office 2024 + M365 Basic*, Backlit Keyboard, Intel Core i7 13th Gen 1362...","₹66,990","Intel Core i7 Processor (13th Gen), 16 GB DDR5 RAM, Windows 11 Home Operating System, 512 GB SSD, 35.56 cm (14 inch) Display, Microsoft Office Home 2024 (Lifetime Validity ) + Microsoft 365 Basic*(1-Year Validity), One-Month Membership of Adobe Creative Cloud All Apps, McAfee 1 year, 1 Year Onsite Warranty"
DELL 15 Intel Core i3 12th Gen 1215U - (8 GB/512 GB SSD/Windows 11 Home) 3520 Thin and Light Laptop,"₹35,990","Intel Core i3 Processor (12th Gen), 8 GB DDR4 RAM, 64 bit Windows 11 Operating System, 512 GB SSD, 39.62 cm (15.6 inch) Display, My Dell (Dell Power Manager,Dell Support Assist), 1 Year Onsite Hardware Service"
HP 15s Metal Intel Core i3 13th Gen 1315U - (8 GB/512 GB SSD/Windows 11 Home) 15-hr0005TU Thin and Lig...,"₹37,990","Intel Core i3 Processor (13th Gen), 8 GB DDR4 RAM, Windows 11 Home Operating System, 512 GB SSD, 39.62 cm (15.6 Inch) Display, MS Office Home 2024 + MISC PC Game Pass DA 3M, 1 Year Onsite Warranty"
ASUS Vivobook Go 15 AMD Ryzen 3 Quad Core 7320U - (8 GB/512 GB SSD/Windows 11 Home) E1504FA-NJ130WS | ...,"₹30,990","AMD Ryzen 3 Quad Core Processor, 8 GB LPDDR5 RAM, Windows 11 Home Operating System, 512 GB SSD, 39.62 cm (15.6 Inch) Display, Microsoft Office Home 2024 + Microsoft 365 Basic, 1 Year Onsite Warranty"
Primebook 2 Pro (2025) in-Built AI MediaTek Helio G99 (MT8781) - (8 GB/128 GB/Android 15) PBG9914128#4...,"₹18,990","MediaTek Helio G99 (MT8781) Processor, 8 GB LPDDR4X RAM, 64 bit Android Operating System, 35.81 cm (14.1 Inch) Display, 1 Year Onsite Warranty"
Acer Predator Helios 16 Intel Core i7 14th Gen 14700HX - (16 GB/1 TB SSD/Windows 11 Home/8 GB Graphics...,"₹1,39,990","Intel Core i7 Processor (14th Gen), 16 GB DDR5 RAM, Windows 11 Operating System, 1 TB SSD, 40.64 cm (16 Inch) Display, 1 Year International Travelers Warranty (ITW)"
MSI Raider GE78 HX Intel Core i9 14th Gen 14900HX - (32 GB/2 TB SSD/Windows 11 Home/12 GB Graphics/NVI...,"₹2,92,990","Intel Core i9 Processor (14th Gen), 32 GB DDR5 RAM, Windows 11 Operating System, 2 TB SSD, 45.72 cm (18 Inch) Display, 2 Year Onsite Warranty"
Lenovo IdeaPad Slim 5 WUXGA OLED Full Metal Body Intel Core i5 13th Gen 13420H - (16 GB/1 TB SSD/Windo...,"₹67,990","Intel Core i5 Processor (13th Gen), 16 GB DDR5 RAM, Windows 11 Home Operating System, 1 TB SSD, 35.56 cm (14 inch) Display, Office Home 2024, 1 Year Carry-in Warranty"
Lenovo IdeaPad Slim 3 Next Gen AI PC WUXGA IPS Copilot + PC Qualcomm Snapdragon X - (16 GB/512 GB SSD/...,"₹50,990","Qualcomm Snapdragon X Processor, 16 GB LPDDR5X RAM, Windows 11 Home Operating System, 512 GB SSD, 38.86 cm (15.3 inch) Display, Office Home 2024, 1 Year Onsite Warranty"
MOTOROLA Motobook 60 Full Metal OLED (i5 14th Gen) Intel Core 5 (Series 2) 210H - (16 GB/512 GB SSD/Wi...,"₹49,990","Intel Core 5 (Series 2) Processor, 16 GB DDR5 RAM, 64 bit Windows 11 Operating System, 512 GB SSD, 35.56 cm (14 Inch) Display, Office Home 2024, 1 Year Onsite Warranty"
MSI Thin A15 AMD Ryzen 7 Octa Core 7735HS - (16 GB/1 TB SSD/Windows 11 Home/6 GB Graphics/NVIDIA GeFor...,"₹1,03,990","AMD Ryzen 7 Octa Core Processor, 16 GB DDR5 RAM, Windows 11 Operating System, 1 TB SSD, 39.62 cm (15.6 Inch) Display, 2 Year Onsite Warranty"
HP Victus Intel Core i5 13th Gen 13420H - (16 GB/512 GB SSD/Windows 11 Home/4 GB Graphics/NVIDIA GeFor...,"₹66,990","Intel Core i5 Processor (13th Gen), 16 GB DDR4 RAM, Windows 11 Home Operating System, 512 GB SSD, 39.62 cm (15.6 Inch) Display, 1 Year Onsite Warranty"
"ASUS Vivobook S14 (2025) with Office 2024 + M365 Basic*, AI PC, Backlit Keyboard, Qualcomm Snapdragon ...","₹54,990","Qualcomm Snapdragon X Processor, 16 GB LPDDR5X RAM, Windows 11 Home Operating System, 512 GB SSD, 35.56 cm (14 inch) Display, Microsoft Office Home 2024 (Lifetime Validity ) + Microsoft 365 Basic*(1-Year Validity), One-Month Membership of Adobe Creative Cloud All Apps, 1 Year Onsite Warranty"
ASUS Vivobook S14 (2025)(i5 14th Gen) with Office 2024 + M365 Basic* Backlit Keyboard Intel Core 5 210...,"₹63,990","Intel Core 5 Processor, 16 GB DDR5 RAM, Windows 11 Home Operating System, 512 GB SSD, 35.56 cm (14 inch) Display, Microsoft Office Home 2024 (Lifetime Validity ) + Microsoft 365 Basic*(1-Year Validity), One-Month Membership of Adobe Creative Cloud All Apps, McAfee 1 year, 1 Year Onsite Warranty"
Acer Swift Go 14 TouchScreen AI PC Intel Core Ultra 7 155H - (16 GB/1 TB SSD/Windows 11 Home) SFG14-73...,"₹90,990","Intel Core Ultra 7 Processor, 16 GB LPDDR5X RAM, Windows 11 Operating System, 1 TB SSD, 35.56 cm (14 Inch) Touchscreen Display, 1 Year Carry-in Warranty"
"ASUS Vivobook 16 (2025), Copilot + PC with Backlit Keyboard, AI PC, Qualcomm Snapdragon X - (16 GB/512...","₹52,990","Qualcomm Snapdragon X Processor, 16 GB LPDDR5X RAM, Windows 11 Home Operating System, 512 GB SSD, 40.64 cm (16 Inch) Display, Microsoft Office Home 2024 (Lifetime Validity ) + Microsoft 365 Basic*(1-Year Validity), One-Month Membership of Adobe Creative Cloud All Apps, 1 Year Onsite Warranty"
"ASUS Vivobook 15 (2025) (i5 14th Gen) with MSO 2024 + M365 Basic*, Backlit Keyboard, Intel Core 5 120U...","₹51,990","Intel Core 5 Processor, 16 GB DDR4 RAM, Windows 11 Home Operating System, 512 GB SSD, 39.62 cm (15.6 Inch) Display, Microsoft Office Home 2024 (Lifetime Validity ) + Microsoft 365 Basic*(1-Year Validity), One-Month Membership of Adobe Creative Cloud All Apps, McAfee 1 year, 1 Year Onsite Warranty"
Infinix Y4 Max Series Intel Core i5 13th Gen 1335U - (16 GB/512 GB SSD/Windows 11 Home) YL613 Thin and...,"₹45,990","Intel Core i5 Processor (13th Gen), 16 GB LPDDR4X RAM, Windows 11 Operating System, 512 GB SSD, 40.64 cm (16 inch) Display, NA, 1 Year Onsite Warranty"
HP MSO 2024 Intel Core i3 13th Gen 1315U - (16 GB/512 GB SSD/Windows 11 Home) 15-fd0574TU / 15 - fd066...,"₹40,990","Intel Core i3 Processor (13th Gen), 16 GB DDR4 RAM, Windows 11 Home Operating System, 512 GB SSD, 39.62 cm (15.6 Inch) Display, MS Office Home 2024 + MISC PC Game Pass DA 3M, 1 Year Onsite Warranty"
HP Intel Core i7 13th Gen 13620H - (16 GB/512 GB SSD/Windows 11 Home) 15-fr0046TU Thin and Light Lapto...,"₹66,990","Intel Core i7 Processor (13th Gen), 16 GB DDR4 RAM, Windows 11 Home Operating System, 512 GB SSD, 39.62 cm (15.6 Inch) Display, 1 Year Onsite Warranty"
"ASUS Vivobook 16X (2025) for Creator with Office 2024 + M365 Basic, Intel Core i5 13th Gen 13420H - (1...","₹64,990","Intel Core i5 Processor (13th Gen), 16 GB DDR4 RAM, 64 bit Windows 11 Home Operating System, 512 GB SSD, 40.64 cm (16 inch) Display, MS Office Provided, 1 Year Onsite Warranty"
Acer 3 Years Warranty Aspire 3 (2025) Intel Core i3 13th Gen 1305U - (16 GB/512 GB SSD/Windows 11 Home...,"₹38,490","Intel Core i3 Processor (13th Gen), 16 GB DDR4 RAM, 64 bit Windows 11 Home Operating System, 512 GB SSD, 39.62 cm (15.6 inch) Display, Microsoft Office 2021, Windows 11 Home, 3 Years Onsite Warranty"
MOTOROLA Motobook 60 Full Metal OLED (i5 14th Gen) Intel Core 5 (Series 2) 210H - (16 GB/512 GB SSD/Wi...,"₹49,990","Intel Core 5 (Series 2) Processor, 16 GB DDR5 RAM, 64 bit Windows 11 Operating System, 512 GB SSD, 35.56 cm (14 Inch) Display, Office Home 2024, 1 Year Onsite Warranty"
HP Victus Intel Core i5 14th Gen 14450HX - (24 GB/512 GB SSD/Windows 11 Home/6 GB Graphics/NVIDIA GeFo...,"₹85,990","Intel Core i5 Processor (14th Gen), 24 GB DDR5 RAM, Windows 11 Home Operating System, 512 GB SSD, 39.62 cm (15.6 inch) Display, MSO Home 2024 + 1yr M365 Basic & MISC PC Game Pass DA 3M, 1 Year Onsite Warranty"
Acer Aspire 7 Intel Core i5 13th Gen 13420H - (16 GB/512 GB SSD/Windows 11 Home/6 GB Graphics/NVIDIA G...,"₹62,990","Intel Core i5 Processor (13th Gen), 16 GB DDR4 RAM, Windows 11 Operating System, 512 GB SSD, 39.62 cm (15.6 Inch) Display, 1 Year Onsite Warranty"
Acer Swift Lite 14 Intel Core Ultra 5 115U - (16 GB/512 GB SSD/Windows 11 Home) SFL14-54M Thin and Lig...,"₹59,990","Intel Core Ultra 5 Processor, 16 GB LPDDR5 RAM, 64 bit Windows 11 Home Operating System, 512 GB SSD, 35.56 cm (14 inch) Display, 1 Year Warranty"
MSI Thin A15 AMD Ryzen 5 Hexa Core 7535HS - (8 GB/512 GB SSD/Windows 11 Home/4 GB Graphics/NVIDIA GeFo...,"₹61,990","AMD Ryzen 5 Hexa Core Processor, 8 GB DDR5 RAM, 64 bit Windows 11 Operating System, 512 GB SSD, 39.62 cm (15.6 Inch) Display, 2 Year Onsite Warranty"
Acer Aspire 7 Intel Core i5 13th Gen 13420H - (16 GB/512 GB SSD/Windows 11 Home/4 GB Graphics/NVIDIA G...,"₹59,990","Intel Core i5 Processor (13th Gen), 16 GB DDR4 RAM, Windows 11 Operating System, 512 GB SSD, 39.62 cm (15.6 Inch) Display, 1 Year Onsite Warranty"
HP 15s Metal Intel Core i3 13th Gen 1315U - (8 GB/512 GB SSD/Windows 11 Home) 15-hr0005TU Thin and Lig...,"₹37,990","Intel Core i3 Processor (13th Gen), 8 GB DDR4 RAM, Windows 11 Home Operating System, 512 GB SSD, 39.62 cm (15.6 Inch) Display, MS Office Home 2024 + MISC PC Game Pass DA 3M, 1 Year Onsite Warranty"
ASUS Vivobook Go 15 AMD Ryzen 3 Quad Core 7320U - (8 GB/512 GB SSD/Windows 11 Home) E1504FA-NJ130WS | ...,"₹30,990","AMD Ryzen 3 Quad Core Processor, 8 GB LPDDR5 RAM, Windows 11 Home Operating System, 512 GB SSD, 39.62 cm (15.6 Inch) Display, Microsoft Office Home 2024 + Microsoft 365 Basic, 1 Year Onsite Warranty"
DELL 15 Intel Core i7 13th Gen 1355U - (16 GB/512 GB SSD/Windows 11 Home) 3530 Thin and Light Laptop,"₹72,990","Intel Core i7 Processor (13th Gen), 16 GB DDR4 RAM, 64 bit Windows 11 Operating System, 512 GB SSD, 39.62 cm (15.6 inch) Display, My Dell (Dell Power Manager,Dell Support Assist), 1 Year Onsite Hardware Service"
"ASUS Vivobook S14 OLED (2025), Copilot + PC, AI PC, Metal Body, Backlit Keyboard, Intel Core Ultra 5 2...","₹79,990","Intel Core Ultra 5 Processor, 16 GB LPDDR5X RAM, Windows 11 Home Operating System, 512 GB SSD, 35.56 cm (14 Inch) Display, Microsoft Office Home 2024 (Lifetime Validity ) + Microsoft 365 Basic*(1-Year Validity), McAfee? 1 year, 1 Year Onsite warranty"
MOTOROLA Motobook 60 Full Metal OLED (i5 14th Gen) Intel Core 5 (Series 2) 210H - (16 GB/512 GB SSD/Wi...,"₹49,990","Intel Core 5 (Series 2) Processor, 16 GB DDR5 RAM, 64 bit Windows 11 Operating System, 512 GB SSD, 35.56 cm (14 Inch) Display, Office Home 2024, 1 Year Onsite Warranty"
Lenovo IdeaPad Slim 3 Next Gen AI PC WUXGA IPS Copilot + PC Qualcomm Snapdragon X - (16 GB/512 GB SSD/...,"₹50,990","Qualcomm Snapdragon X Processor, 16 GB LPDDR5X RAM, Windows 11 Home Operating System, 512 GB SSD, 38.86 cm (15.3 inch) Display, Office Home 2024, 1 Year Onsite Warranty"
HP (Core i3 14th Gen) Intel Core 3 100U - (8 GB/512 GB SSD/Windows 11 Home) 15-fd1095TU Thin and Light...,"₹48,990","Intel Core 3 Processor, 8 GB DDR4 RAM, Windows 11 Operating System, 512 GB SSD, 39.62 cm (15.6 inch) Display, 1 Year Onsite Warranty"
Lenovo IdeaPad Slim 3 AMD Ryzen 7 Octa Core - (16 GB/512 GB SSD/Windows 11 Home) IdeaPad Slim 3 15AHP1...,"₹65,990","AMD Ryzen 7 Octa Core Processor, 16 GB DDR5 RAM, Windows 11 Home Operating System, 512 GB SSD, 38.86 cm (15.3 inch) Display, 1 Year Carry-in Warranty"
Lenovo IdeaPad Slim 5 WUXGA IPS Office 2024 Full Metal Body AMD Ryzen 7 Octa Core 7735HS - (16 GB/512 ...,"₹64,990","AMD Ryzen 7 Octa Core Processor, 16 GB LPDDR5X RAM, Windows 11 Home Operating System, 512 GB SSD, 33.78 cm (13.3 inch) Display, 1 Year Onsite Warranty"
ASUS Vivobook Go 15 AMD Ryzen 5 Quad Core 7520U - (16 GB/512 GB SSD/Windows 11 Home) E1504FA-NJ5542WS ...,"₹41,190","AMD Ryzen 5 Quad Core Processor, 16 GB LPDDR5 RAM, Windows 11 Home Operating System, 512 GB SSD, 39.62 cm (15.6 inch) Display, Microsoft Office Home 2024 + Microsoft 365 Basic, 1 Year Carry-in Warranty"
HP MSO 2024 Intel Core i3 13th Gen 1315U - (16 GB/512 GB SSD/Windows 11 Home) 15-fd0574TU / 15 - fd066...,"₹40,990","Intel Core i3 Processor (13th Gen), 16 GB DDR4 RAM, Windows 11 Home Operating System, 512 GB SSD, 39.62 cm (15.6 Inch) Display, MS Office Home 2024 + MISC PC Game Pass DA 3M, 1 Year Onsite Warranty"
HP Intel Core i7 13th Gen 13620H - (16 GB/512 GB SSD/Windows 11 Home) 15-fr0046TU Thin and Light Lapto...,"₹66,990","Intel Core i7 Processor (13th Gen), 16 GB DDR4 RAM, Windows 11 Home Operating System, 512 GB SSD, 39.62 cm (15.6 Inch) Display, 1 Year Onsite Warranty"
Lenovo IdeaPad Slim 3 Backlit Keyboard with MSO'2024 Intel Core i5 13th Gen 13420H - (16 GB/512 GB SSD...,"₹57,990","Intel Core i5 Processor (13th Gen), 16 GB DDR5 RAM, Windows 11 Home Operating System, 512 GB SSD, 38.86 cm (15.3 inch) Display, Office Home 2024, 1 Year Onsite Warranty"
Acer Aspire Lite Intel Core i5 12th Gen 1235U - (16 GB/1 TB SSD/Windows 11 Home) AL15-52 Thin and Ligh...,"₹51,990","Intel Core i5 Processor (12th Gen), 16 GB DDR4 RAM, Windows 11 Operating System, 1 TB SSD, 39.62 cm (15.6 Inch) Display, 1 Year Onsite Warranty"
MOTOROLA Motobook 60 Full Metal OLED (i5 14th Gen) Intel Core 5 (Series 2) 210H - (16 GB/512 GB SSD/Wi...,"₹49,990","Intel Core 5 (Series 2) Processor, 16 GB DDR5 RAM, 64 bit Windows 11 Operating System, 512 GB SSD, 35.56 cm (14 Inch) Display, Office Home 2024, 1 Year Onsite Warranty"
HP Victus Intel Core i5 14th Gen 14450HX - (24 GB/512 GB SSD/Windows 11 Home/6 GB Graphics/NVIDIA GeFo...,"₹85,990","Intel Core i5 Processor (14th Gen), 24 GB DDR5 RAM, Windows 11 Home Operating System, 512 GB SSD, 39.62 cm (15.6 inch) Display, MSO Home 2024 + 1yr M365 Basic & MISC PC Game Pass DA 3M, 1 Year Onsite Warranty"
"ASUS Vivobook S14 Flip (2025) with Office 2024 + M365 Basic*, Metallic Design, Intel Core i5 13th Gen ...","₹63,990","Intel Core i5 Processor (13th Gen), 16 GB DDR4 RAM, Windows 11 Home Operating System, 512 GB SSD, 35.56 cm (14 inch) Touchscreen Display, Microsoft Office Home 2024 (Lifetime Validity ) + Microsoft 365 Basic*(1-Year Validity), One-Month Membership of Adobe Creative Cloud All Apps, McAfee 1 year, 1 Year Onsite Warranty"
Acer Nitro V 15 Intel Core i5 13th Gen 13420H - (16 GB/512 GB SSD/Windows 11 Home/8 GB Graphics/NVIDIA...,"₹82,990","Intel Core i5 Processor (13th Gen), 16 GB DDR4 RAM, 64 bit Windows 11 Home Operating System, 512 GB SSD, 39.62 cm (15.6 inch) Display, 1 Year Warranty"
MSI Katana 15 Intel Core i5 13th Gen 13420H - (16 GB/1 TB SSD/Windows 11 Home/6 GB Graphics/NVIDIA GeF...,"₹74,990","Intel Core i5 Processor (13th Gen), 16 GB DDR5 RAM, 64 bit Windows 11 Operating System, 1 TB SSD, 39.62 cm (15.6 inch) Display, 2 Year On-Site Warranty"
Lenovo LOQ AMD Ryzen 7 Octa Core 7435HS - (24 GB/512 GB SSD/Windows 11 Home/8 GB Graphics/NVIDIA GeFor...,"₹93,290","AMD Ryzen 7 Octa Core Processor, 24 GB DDR5 RAM, Windows 11 Operating System, 512 GB SSD, 39.62 cm (15.6 Inch) Display, 1Yr Warranty and 1 Yr Accidental Damage Protection"
HP 15s Metal Intel Core i3 13th Gen 1315U - (8 GB/512 GB SSD/Windows 11 Home) 15-hr0005TU Thin and Lig...,"₹37,990","Intel Core i3 Processor (13th Gen), 8 GB DDR4 RAM, Windows 11 Home Operating System, 512 GB SSD, 39.62 cm (15.6 Inch) Display, MS Office Home 2024 + MISC PC Game Pass DA 3M, 1 Year Onsite Warranty"
ASUS Vivobook Go 15 AMD Ryzen 3 Quad Core 7320U - (8 GB/512 GB SSD/Windows 11 Home) E1504FA-NJ130WS | ...,"₹30,990","AMD Ryzen 3 Quad Core Processor, 8 GB LPDDR5 RAM, Windows 11 Home Operating System, 512 GB SSD, 39.62 cm (15.6 Inch) Display, Microsoft Office Home 2024 + Microsoft 365 Basic, 1 Year Onsite Warranty"
ASUS Vivobook 15 Intel Core i3 11th Gen 1115G4 - (8 GB/256 GB SSD/Windows 11 Home) X515EA-EJ312W Thin ...,"₹26,990","Intel Core i3 Processor (11th Gen), 8 GB DDR4 RAM, 64 bit Windows 11 Operating System, 256 GB SSD, 39.62 cm (15.6 Inch) Display, Not Applicable, 1 Year Onsite Warranty"
Primebook 2 Max (2025) in-Built AI MediaTek Helio G99 (MT8781) - (8 GB/256 GB/Android 15) PBG9915256#4...,"₹22,490","MediaTek Helio G99 (MT8781) Processor, 8 GB LPDDR4X RAM, 64 bit Android Operating System, 39.62 cm (15.6 Inch) Display, 1 Year Onsite Warranty"
Lenovo IdeaPad Slim 3 Next Gen AI PC WUXGA IPS Copilot + PC Qualcomm Snapdragon X - (16 GB/512 GB SSD/...,"₹50,990","Qualcomm Snapdragon X Processor, 16 GB LPDDR5X RAM, Windows 11 Home Operating System, 512 GB SSD, 38.86 cm (15.3 inch) Display, Office Home 2024, 1 Year Onsite Warranty"
MOTOROLA Motobook 60 Full Metal OLED (i5 14th Gen) Intel Core 5 (Series 2) 210H - (16 GB/512 GB SSD/Wi...,"₹49,990","Intel Core 5 (Series 2) Processor, 16 GB DDR5 RAM, 64 bit Windows 11 Operating System, 512 GB SSD, 35.56 cm (14 Inch) Display, Office Home 2024, 1 Year Onsite Warranty"
DELL G15 Intel Core i7 13th Gen 13650HX - (16 GB/512 GB SSD/Windows 11 Home/6 GB Graphics/NVIDIA GeFor...,"₹1,07,390","Intel Core i7 Processor (13th Gen), 16 GB DDR5 RAM, Windows 11 Operating System, 512 GB SSD, 39.62 cm (15.6 Inch) Display, Alienware Command Center,Dell Support Assist), 1 Year Basic Onsite Service after remote diagnosis with Hardware-Only Support"
HP Victus AMD Ryzen 7 Hexa Core 7445HS - (16 GB/512 GB SSD/Windows 11 Home/6 GB Graphics/NVIDIA GeForc...,"₹81,990","AMD Ryzen 7 Hexa Core Processor, 16 GB DDR5 RAM, Windows 11 Home Operating System, 512 GB SSD, 39.62 cm (15.6 inch) Display, 1 Year Onsite Warranty"
"ASUS Vivobook Go 15 (2025) with Office 2024 + M365 Basic*, AMD Ryzen 5 Quad Core 7520U - (16 GB/512 GB...","₹40,990","AMD Ryzen 5 Quad Core Processor, 16 GB LPDDR5 RAM, Windows 11 Home Operating System, 512 GB SSD, 39.62 cm (15.6 inch) Display, Microsoft Office Home 2024 (Lifetime Validity ) + Microsoft 365 Basic*(1-Year Validity), McAfee 1 year, 1 Year Onsite Warranty"
DELL Inspiron 5440 (2025) Intel Core i3 13th Gen 1305U - (16 GB/512 GB SSD/Windows 11 Home) Inspiron 5...,"₹44,990","Intel Core i3 Processor (13th Gen), 16 GB DDR5 RAM, 64 bit Windows 11 Home Operating System, 512 GB SSD, 35.56 cm (14 inch) Display, Microsoft Office 2021, Windows 11 Home, 1 Year Accidentaly Damage Protection + Onsite"
"ASUS Vivobook S14 (2025) with Office 2024 + M365 Basic*, AI PC, Backlit Keyboard, Qualcomm Snapdragon ...","₹54,990","Qualcomm Snapdragon X Processor, 16 GB LPDDR5X RAM, Windows 11 Home Operating System, 512 GB SSD, 35.56 cm (14 inch) Display, Microsoft Office Home 2024 (Lifetime Validity ) + Microsoft 365 Basic*(1-Year Validity), One-Month Membership of Adobe Creative Cloud All Apps, 1 Year Onsite Warranty"
ASUS Vivobook S14 (2025)(i5 14th Gen) with Office 2024 + M365 Basic* Backlit Keyboard Intel Core 5 210...,"₹63,990","Intel Core 5 Processor, 16 GB DDR5 RAM, Windows 11 Home Operating System, 512 GB SSD, 35.56 cm (14 inch) Display, Microsoft Office Home 2024 (Lifetime Validity ) + Microsoft 365 Basic*(1-Year Validity), One-Month Membership of Adobe Creative Cloud All Apps, McAfee 1 year, 1 Year Onsite Warranty"
ASUS Vivobook 15 Intel Core i3 13th Gen 1315U - (8 GB/512 GB SSD/Windows 11 Home) X1504VA-NJ324WS Thin...,"₹35,990","Intel Core i3 Processor (13th Gen), 8 GB DDR4 RAM, Windows 11 Operating System, 512 GB SSD, 39.62 cm (15.6 Inch) Display, 1 Year Onsite Warranty"
Lenovo IdeaPad Pro 5 Intel Core Ultra 9 285H - (32 GB/1 TB SSD/Windows 11 Home) 14IAH10 Thin and Light...,"₹1,04,990","Intel Core Ultra 9 Processor, 32 GB LPDDR5X RAM, Windows 11 Home Operating System, 1 TB SSD, 35.56 cm (14 inch) Display, 1 Year Onsite Warranty"
